Date,SP500_t1_Ret,FG_t1_Index
2016-01-01,,
2016-01-04,,50.0
2016-01-05,,50.0
2016-01-06,0.0020102041393599396,51.0
2016-01-07,-0.01320216300262602,53.0
2016-01-08,-0.023985816519344776,53.0
2016-01-11,-0.010897537445847908,53.0
2016-01-12,0.0008529082958226729,55.0
2016-01-13,0.007772514117774639,56.0
2016-01-14,-0.025282375077908908,55.0
2016-01-15,0.016558060934383972,56.0
2016-01-18,,56.0
2016-01-19,-0.021835772698162375,55.0
2016-01-20,0.0005316801874288286,55.0
2016-01-21,-0.011762766025898373,52.0
2016-01-22,0.005181988635948063,50.0
2016-01-25,0.02008072688221347,49.0
2016-01-26,-0.015761545172821467,47.0
2016-01-27,0.014045237830367907,48.0
2016-01-28,-0.010922922300528425,46.0
2016-01-29,0.005513350717591524,44.0
2016-02-01,0.024458650994556432,47.0
2016-02-02,-0.00044333484554180534,46.0
2016-02-03,-0.01892096871823143,46.0
2016-02-04,0.0049796200215740235,44.0
2016-02-05,0.0015255682925234377,43.0
2016-02-08,-0.018654158276351848,44.0
2016-02-09,-0.014255057923057347,42.0
2016-02-10,-0.0006638406467602255,42.0
2016-02-11,-0.00018896813076091644,41.0
2016-02-12,-0.012377447329256216,41.0
2016-02-15,,40.0
2016-02-16,0.01933001520704595,43.0
2016-02-17,0.016381737741684915,43.0
2016-02-18,0.016346110625641338,41.0
2016-02-19,-0.004676632123934705,43.0
2016-02-22,-2.60332818018429e-05,41.0
2016-02-23,0.014350731099076084,41.0
2016-02-24,-0.01253257757078849,38.0
2016-02-25,0.0044299600346319485,36.0
2016-02-26,0.011284366730450844,36.0
2016-02-29,-0.0018718653295646535,37.0
2016-03-01,-0.008154131091571704,38.0
2016-03-02,0.023588385401618728,38.0
2016-03-03,0.004085949861101922,37.0
2016-03-04,0.003492634320316937,35.0
2016-03-07,0.0033004398659416986,34.0
2016-03-08,0.0008846228008639487,33.0
2016-03-09,-0.011303756056006186,35.0
2016-03-10,0.00503967278281425,35.0
2016-03-11,0.00015579279712262694,33.0
2016-03-14,0.016262545588851488,33.0
2016-03-15,-0.0012617686166118578,32.0
2016-03-16,-0.0018386309343179589,31.0
2016-03-17,0.0055847278817799184,32.0
2016-03-18,0.006573583068596323,34.0
2016-03-21,0.004395967251026178,35.0
2016-03-22,0.0009850919042923014,34.0
2016-03-23,-0.0008777728967722512,34.0
2016-03-24,-0.00640650953066712,34.0
2016-03-25,,36.0
2016-03-28,-0.0003781417793768198,35.0
2016-03-29,0.000545106888072358,35.0
2016-03-30,0.00877801205423741,33.0
2016-03-31,0.0043408799935662195,31.0
2016-04-01,-0.0020418423596207116,32.0
2016-04-04,0.006310959066599757,34.0
2016-04-05,-0.003213480045854618,34.0
2016-04-06,-0.01019629841179453,36.0
2016-04-07,0.01045279793201316,36.0
2016-04-08,-0.012048073970004866,35.0
2016-04-11,0.0027827026046162826,36.0
2016-04-12,-0.0027435458896038338,38.0
2016-04-13,0.009615753881389974,38.0
2016-04-14,0.009990069768557895,40.0
2016-04-15,0.00017291243013242585,37.0
2016-04-18,-0.000984769576145959,38.0
2016-04-19,0.006519725613797989,38.0
2016-04-20,0.0030797379028665328,37.0
2016-04-21,0.0007612550492345003,38.0
2016-04-22,-0.005207562857292034,35.0
2016-04-25,4.785857954074228e-05,34.0
2016-04-26,-0.0018136896207629953,35.0
2016-04-27,0.0018710001742369307,37.0
2016-04-28,0.0016479941117468401,36.0
2016-04-29,-0.00927363606156167,35.0
2016-05-02,-0.005075949230557177,34.0
2016-05-03,0.007779606697244105,36.0
2016-05-04,-0.008714499388395887,36.0
2016-05-05,-0.00595458270547255,35.0
2016-05-06,-0.00023903669279415213,36.0
2016-05-09,0.0031696105535526063,36.0
2016-05-10,0.0007532133076099479,38.0
2016-05-11,0.012406365236037333,37.0
2016-05-12,-0.009607522877868724,36.0
2016-05-13,-0.00016947926796424465,36.0
2016-05-16,-0.008514434161752484,33.0
2016-05-17,0.009748976389612767,34.0
2016-05-18,-0.009455863552162807,34.0
2016-05-19,0.00020515768640127935,34.0
2016-05-20,-0.0037135945227206248,34.0
2016-05-23,0.006001459222804671,32.0
2016-05-24,-0.0020876365681016884,31.0
2016-05-25,0.013588637533990108,31.0
2016-05-26,0.006950529651583447,29.0
2016-05-27,-0.0002104660499285901,29.0
2016-05-30,,30.0
2016-05-31,0.004277694939439437,33.0
2016-06-01,-0.0010057686205899895,33.0
2016-06-02,0.001134398653926189,33.0
2016-06-03,0.002820696166986195,33.0
2016-06-06,-0.002916062236694851,30.0
2016-06-07,0.004885328519363624,30.0
2016-06-08,0.001288615629197613,30.0
2016-06-09,0.0033041019719547236,34.0
2016-06-10,-0.0017192355978938075,34.0
2016-06-13,-0.009217532410166119,34.0
2016-06-14,-0.008148298789709478,34.0
2016-06-15,-0.0018005050719719037,32.0
2016-06-16,-0.0018424090638101951,34.0
2016-06-17,0.0031280931110455722,35.0
2016-06-20,-0.003263284144608922,36.0
2016-06-21,0.0057913827784231015,35.0
2016-06-22,0.002708390604209703,37.0
2016-06-23,-0.00165292899657585,35.0
2016-06-24,0.013275567071955107,36.0
2016-06-27,-0.03658079280558263,39.0
2016-06-28,-0.018262246511702756,38.0
2016-06-29,0.01761412160408792,37.0
2016-06-30,0.016889242971253916,37.0
2016-07-01,0.013473863149466128,36.0
2016-07-04,,34.0
2016-07-05,0.0019467062930320223,34.0
2016-07-06,-0.006871028985598719,32.0
2016-07-07,0.0053386870582759595,33.0
2016-07-08,-0.0008719578867330009,32.0
2016-07-11,0.0151381865659924,34.0
2016-07-12,0.0034028193119982385,33.0
2016-07-13,0.006984842307345719,32.0
2016-07-14,0.00013475867498170382,34.0
2016-07-15,0.005245422801696999,32.0
2016-07-18,-0.0009293790598711438,32.0
2016-07-19,0.0023794618218687365,34.0
2016-07-20,-0.0014362045004153862,32.0
2016-07-21,0.004261208315763991,32.0
2016-07-22,-0.003619069856524976,32.0
2016-07-25,0.004543626789510244,34.0
2016-07-26,-0.0030160187399297005,32.0
2016-07-27,0.0003227321607194127,30.0
2016-07-28,-0.001199260946808637,31.0
2016-07-29,0.001604920448092453,31.0
2016-08-01,0.0016299801176578648,31.0
2016-08-02,-0.0012705941474910585,32.0
2016-08-03,-0.006381940812667669,31.0
2016-08-04,0.0031290427160710972,31.0
2016-08-05,0.00021254929948908707,32.0
2016-08-08,0.00856669728938006,31.0
2016-08-09,-0.0009075772915415996,33.0
2016-08-10,0.00038971798655598234,34.0
2016-08-11,-0.0028687970634882847,32.0
2016-08-12,0.004723415102443644,33.0
2016-08-15,-0.0007963633869140575,32.0
2016-08-16,0.002789016294521772,33.0
2016-08-17,-0.0054941422164782264,35.0
2016-08-18,0.0018668460061555662,34.0
2016-08-19,0.002197201696382422,35.0
2016-08-22,-0.0014413095687681864,36.0
2016-08-23,-0.0005634818833231075,37.0
2016-08-24,0.001949867178361733,40.0
2016-08-25,-0.005254055259671874,39.0
2016-08-26,-0.001366160396645455,38.0
2016-08-29,-0.001580064238713279,37.0
2016-08-30,0.005214428428674345,36.0
2016-08-31,-0.001955591407122778,35.0
2016-09-01,-0.0023786911055626065,36.0
2016-09-02,-4.138538941144249e-05,36.0
2016-09-05,,38.0
2016-09-06,0.004192241599034617,38.0
2016-09-07,0.002977242370005349,40.0
2016-09-08,-0.00014639593829345095,39.0
2016-09-09,-0.0022254881924702883,44.0
2016-09-12,-0.024827742410836417,44.0
2016-09-13,0.014570387233434434,43.0
2016-09-14,-0.014941748278210834,42.0
2016-09-15,-0.0005878493998128358,42.0
2016-09-16,0.01005851644943989,42.0
2016-09-19,-0.0037794277955721,43.0
2016-09-20,-1.8603233824686035e-05,44.0
2016-09-21,0.0002990934842341777,44.0
2016-09-22,0.010858000333635954,42.0
2016-09-23,0.006478751917642122,40.0
2016-09-26,-0.005753292959718776,39.0
2016-09-27,-0.008624850117916047,41.0
2016-09-28,0.006423495165298114,41.0
2016-09-29,0.005282576603642458,39.0
2016-09-30,-0.009365127730081198,39.0
2016-10-03,0.0079363925880277,40.0
2016-10-04,-0.003266023181527122,39.0
2016-10-05,-0.004967881786362002,39.0
2016-10-06,0.004287486231196994,39.0
2016-10-07,0.0004814438526045025,37.0
2016-10-10,-0.0032587874416142044,38.0
2016-10-11,0.004595330317324387,39.0
2016-10-12,-0.012524577697755964,40.0
2016-10-13,0.0011459322063988205,42.0
2016-10-14,-0.0031040764122339942,40.0
2016-10-17,0.0002015841591211507,38.0
2016-10-18,-0.0030426181118402627,39.0
2016-10-19,0.00614150560569863,40.0
2016-10-20,0.0021895721553504997,41.0
2016-10-21,-0.0013766711313809553,46.0
2016-10-24,-8.414514015477906e-05,47.0
2016-10-25,0.004738594647427366,49.0
2016-10-26,-0.0038049574647063588,50.0
2016-10-27,-0.001741927921187231,51.0
2016-10-28,-0.0029911959060088668,51.0
2016-10-31,-0.00311314013962507,52.0
2016-11-01,-0.0001222838841985538,51.0
2016-11-02,-0.006810019108735079,51.0
2016-11-03,-0.006546884453454001,50.0
2016-11-04,-0.004433213022609399,50.0
2016-11-07,-0.0016675202716929607,53.0
2016-11-08,0.021980199729464904,51.0
2016-11-09,0.0037648783971575305,52.0
2016-11-10,0.011016119879656035,49.0
2016-11-11,0.001948845716095396,49.0
2016-11-14,-0.0013989283477976058,50.0
2016-11-15,-0.00011550945718323702,50.0
2016-11-16,0.007452955022089459,49.0
2016-11-17,-0.0015835165223759536,48.0
2016-11-18,0.004665469361197901,49.0
2016-11-21,-0.00238965136554844,48.0
2016-11-22,0.007433702070873876,48.0
2016-11-23,0.002163091103593048,48.0
2016-11-24,,47.0
2016-11-25,0.000807698156908801,50.0
2016-11-28,0.003906745613423708,51.0
2016-11-29,-0.0052683892547352165,48.0
2016-11-30,0.001334402353261901,48.0
2016-12-01,-0.0026569305551563936,47.0
2016-12-02,-0.003521722966763813,49.0
2016-12-05,0.0003969277200846238,47.0
2016-12-06,0.005804426926743671,47.0
2016-12-07,0.0034050844688746093,48.0
2016-12-08,0.013077358744723351,49.0
2016-12-09,0.0021570150168711013,48.0
2016-12-12,0.005921418532969715,47.0
2016-12-13,-0.001138082290599516,46.0
2016-12-14,0.00651848320123699,45.0
2016-12-15,-0.008150295461858616,48.0
2016-12-16,0.0038757076875535726,49.0
2016-12-19,-0.0017521567509802415,47.0
2016-12-20,0.0019731727152112587,48.0
2016-12-21,0.0036309124011527547,51.0
2016-12-22,-0.0024603857246776667,53.0
2016-12-23,-0.0018647112223965044,51.0
2016-12-26,,50.0
2016-12-27,0.0012509325350792359,52.0
2016-12-28,0.0022458489045486347,51.0
2016-12-29,-0.008391640709771516,51.0
2016-12-30,-0.00029334773186837293,52.0
2017-01-02,,51.0
2017-01-03,-0.004647834696854234,51.0
2017-01-04,0.008450766753157112,46.0
2017-01-05,0.005705963770549438,45.0
2017-01-06,-0.0007709676024811847,44.0
2017-01-09,0.0035107891805790594,42.0
2017-01-10,-0.003554905471559629,45.0
2017-01-11,0.0,43.0
2017-01-12,0.0028256423891019514,42.0
2017-01-13,-0.002147112393729617,42.0
2017-01-16,,44.0
2017-01-17,0.0018481313951466559,42.0
2017-01-18,-0.0029719144562184454,44.0
2017-01-19,0.0017622004698093201,44.0
2017-01-20,-0.003615837624319374,42.0
2017-01-23,0.0033605840612999428,43.0
2017-01-24,-0.002693749646069815,43.0
2017-01-25,0.006543140528962317,43.0
2017-01-26,0.007994052795968681,43.0
2017-01-27,-0.0007356549352631034,42.0
2017-01-30,-0.0008668394897415927,42.0
2017-01-31,-0.006027673496096654,43.0
2017-02-01,-0.0008903016080325452,46.0
2017-02-02,0.00029831898811628964,44.0
2017-02-03,0.0005701468386910137,47.0
2017-02-06,0.007238496854553608,44.0
2017-02-07,-0.002117597513709103,44.0
2017-02-08,0.00022680346384577153,45.0
2017-02-09,0.0006930821486096318,45.0
2017-02-10,0.00573606373596025,44.0
2017-02-13,0.0035597068220090916,44.0
2017-02-14,0.005232133584011204,43.0
2017-02-15,0.003999327195672579,42.0
2017-02-16,0.00497988866573445,44.0
2017-02-17,-0.0008644916015501692,44.0
2017-02-20,,43.0
2017-02-21,0.001677149327237158,44.0
2017-02-22,0.0060298500200691545,45.0
2017-02-23,-0.001082786146804093,46.0
2017-02-24,0.00041889897125923353,47.0
2017-02-27,0.0014922502320316529,46.0
2017-02-28,0.0010174652677336642,45.0
2017-03-01,-0.0025817061151949088,46.0
2017-03-02,0.013581211083725323,47.0
2017-03-03,-0.0058771169721052695,47.0
2017-03-06,0.0005037503685347897,47.0
2017-03-07,-0.0032826227635658124,49.0
2017-03-08,-0.0029176259020898777,48.0
2017-03-09,-0.002286827964063899,49.0
2017-03-10,0.0007995756127663866,49.0
2017-03-13,0.0032633397058585423,48.0
2017-03-14,0.0003665656191696328,50.0
2017-03-15,-0.003384748980891005,51.0
2017-03-16,0.008339879124686365,52.0
2017-03-17,-0.0016280347991836145,54.0
2017-03-20,-0.0013151792642314352,54.0
2017-03-21,-0.0020119160803802947,55.0
2017-03-22,-0.012485594590102116,55.0
2017-03-23,0.0018881028474626675,55.0
2017-03-24,-0.001060832144830083,55.0
2017-03-27,-0.0008443522139384829,55.0
2017-03-28,-0.0010201075858456302,56.0
2017-03-29,0.007225308829623951,55.0
2017-03-30,0.0010847362038301697,58.0
2017-03-31,0.0029308109117050134,57.0
2017-04-03,-0.0022575939382668176,55.0
2017-04-04,-0.0016434753080133316,57.0
2017-04-05,0.0005593660746613713,58.0
2017-04-06,-0.003059536811522123,59.0
2017-04-07,0.001927650293734993,60.0
2017-04-10,-0.0008274724629448716,60.0
2017-04-11,0.000687450135783276,58.0
2017-04-12,-0.0014349082919582845,58.0
2017-04-13,-0.0037670374189869064,57.0
2017-04-14,,59.0
2017-04-17,-0.006838020289804216,59.0
2017-04-18,0.008576465691107291,57.0
2017-04-19,-0.0029076028458332546,57.0
2017-04-20,-0.0017178253968685745,58.0
2017-04-21,0.0075288503629738525,57.0
2017-04-24,-0.0030396881071153782,55.0
2017-04-25,0.010781736588111827,56.0
2017-04-26,0.006072214211751177,56.0
2017-04-27,-0.0004858214756873499,55.0
2017-04-28,0.0005527670002992063,55.0
2017-05-01,-0.0019149794714900413,55.0
2017-05-02,0.0017307918268938255,53.0
2017-05-03,0.0011883435858115294,51.0
2017-05-04,-0.0012721693958273864,50.0
2017-05-05,0.0005819332878695465,49.0
2017-05-08,0.00408035940747836,50.0
2017-05-09,3.7445271907879016e-05,52.0
2017-05-10,-0.0010257745567932176,53.0
2017-05-11,0.0011299627174494742,53.0
2017-05-12,-0.0021651513741066187,53.0
2017-05-15,-0.0014795353407942593,52.0
2017-05-16,0.0047651423030152336,52.0
2017-05-17,-0.0006871330369860457,51.0
2017-05-18,-0.018345468171115042,52.0
2017-05-19,0.003680038627215951,50.0
2017-05-22,0.0067447032082007,51.0
2017-05-23,0.00514686329600843,53.0
2017-05-24,0.0018361851723804105,53.0
2017-05-25,0.0024860338045762944,54.0
2017-05-26,0.004432112041978175,55.0
2017-05-29,,54.0
2017-05-30,0.00031050178530242343,55.0
2017-05-31,-0.0012053507295338199,55.0
2017-06-01,-0.0004600746199513276,55.0
2017-06-02,0.0075425955848472245,54.0
2017-06-05,0.00370087461804602,54.0
2017-06-06,-0.0012184071404286387,54.0
2017-06-07,-0.0027829086662040834,57.0
2017-06-08,0.0015670287963475379,58.0
2017-06-09,0.00026716903566476714,61.0
2017-06-12,-0.0008303338661872762,60.0
2017-06-13,-0.0009792424797181137,61.0
2017-06-14,0.00450135884323014,62.0
2017-06-15,-0.0009963269653176028,65.0
2017-06-16,-0.002242109796840374,64.0
2017-06-19,0.00028359915005969524,63.0
2017-06-20,0.008312583206893995,62.0
2017-06-21,-0.0067191604469316645,58.0
2017-06-22,-0.0005828141932715965,58.0
2017-06-23,-0.0004558859724380852,57.0
2017-06-26,0.0015596985554090976,57.0
2017-06-27,0.00031575193973236123,57.0
2017-06-28,-0.008105586575672907,60.0
2017-06-29,0.008769501646551084,62.0
2017-06-30,-0.008637216844141348,61.0
2017-07-03,0.0015320576108735333,59.0
2017-07-04,,60.0
2017-07-05,0.0023081679791475806,58.0
2017-07-06,0.0014522240362887008,61.0
2017-07-07,-0.009412987306866183,63.0
2017-07-10,0.006382712569615801,62.0
2017-07-11,0.0009273361035125654,59.0
2017-07-12,-0.0007829870660821734,61.0
2017-07-13,0.007279050947821435,61.0
2017-07-14,0.001872829473473065,63.0
2017-07-17,0.004662616170009233,61.0
2017-07-18,-5.291423670686425e-05,60.0
2017-07-19,0.0005976786981109875,60.0
2017-07-20,0.00535825821605345,60.0
2017-07-21,-0.00015367108860704477,59.0
2017-07-24,-0.0003679393292088825,60.0
2017-07-25,-0.0010643009954088047,58.0
2017-07-26,0.002918907519898033,58.0
2017-07-27,0.00028262400611947947,58.0
2017-07-28,-0.0009731616373937137,59.0
2017-07-31,-0.0013420156781160386,60.0
2017-08-01,-0.0007284108345598019,59.0
2017-08-02,0.0024461207749384662,56.0
2017-08-03,0.0004925274073474498,58.0
2017-08-04,-0.0021860418349456704,59.0
2017-08-07,0.0018873214175395684,58.0
2017-08-08,0.0016458446442804673,60.0
2017-08-09,-0.002417352230385335,60.0
2017-08-10,-0.0003636747927123762,62.0
2017-08-11,-0.01458021840074153,62.0
2017-08-14,0.0012747571279871366,65.0
2017-08-15,0.009993651246049404,68.0
2017-08-16,-0.00049893232688349,67.0
2017-08-17,0.0014190955233323716,69.0
2017-08-18,-0.015557342487191416,70.0
2017-08-21,-0.0018370536613519935,72.0
2017-08-22,0.0011619757145661966,70.0
2017-08-23,0.009891695260625078,71.0
2017-08-24,-0.0034595701326390073,73.0
2017-08-25,-0.0020766167471384417,70.0
2017-08-28,0.0016714716689374216,69.0
2017-08-29,0.0004869534732960745,65.0
2017-08-30,0.0008424667620097917,65.0
2017-08-31,0.004604531788061044,66.0
2017-09-01,0.0057046735847135445,68.0
2017-09-04,,69.0
2017-09-05,0.001980578042335197,71.0
2017-09-06,-0.007579458552144929,69.0
2017-09-07,0.003123842493144133,66.0
2017-09-08,-0.00017845204485370908,66.0
2017-09-11,-0.001489960143457705,67.0
2017-09-12,0.010780975197147024,67.0
2017-09-13,0.003358302594883113,64.0
2017-09-14,0.0007568342480825294,64.0
2017-09-15,-0.0011013238508279736,62.0
2017-09-18,0.001845477546159349,63.0
2017-09-19,0.0014548619291293301,63.0
2017-09-20,0.0011095796167313857,62.0
2017-09-21,0.000634146702309437,61.0
2017-09-22,-0.0030505659469148337,59.0
2017-09-25,0.0006475839951670207,59.0
2017-09-26,-0.0022245226998538568,61.0
2017-09-27,7.216412589487934e-05,59.0
2017-09-28,0.004076822401987925,60.0
2017-09-29,0.0012038906289380277,59.0
2017-10-02,0.0036982630684988258,58.0
2017-10-03,0.0038665188297123134,58.0
2017-10-04,0.002156511184660919,56.0
2017-10-05,0.0012459436611136387,55.0
2017-10-06,0.00563090403129274,54.0
2017-10-09,-0.001074211165239725,57.0
2017-10-10,-0.0018060638680135568,57.0
2017-10-11,0.0023197196304780643,56.0
2017-10-12,0.001801882929663564,56.0
2017-10-13,-0.0016881771203513885,56.0
2017-10-16,0.0008777220048463043,55.0
2017-10-17,0.0017492225323057532,56.0
2017-10-18,0.0006723529054339931,57.0
2017-10-19,0.0007420595113295467,57.0
2017-10-20,0.00032794411501048555,56.0
2017-10-23,0.005103796185030386,55.0
2017-10-24,-0.003980395312997195,52.0
2017-10-25,0.0016166008745580412,50.0
2017-10-26,-0.004673955687259985,52.0
2017-10-27,0.0012701392506023993,54.0
2017-10-30,0.008040609979727099,54.0
2017-10-31,-0.0031975773767407194,55.0
2017-11-01,0.0009440129366793155,55.0
2017-11-02,0.0015908441079038695,60.0
2017-11-03,0.00018994776966671517,61.0
2017-11-06,0.003092289326314394,61.0
2017-11-07,0.00127044388477643,60.0
2017-11-08,-0.00018912080508191734,57.0
2017-11-09,0.0014426139320604147,58.0
2017-11-10,-0.0037689813393701364,57.0
2017-11-13,-0.0008980469760537102,54.0
2017-11-14,0.000983150911293032,54.0
2017-11-15,-0.0023122805602819227,52.0
2017-11-16,-0.005540998742123611,54.0
2017-11-17,0.008162652782972403,56.0
2017-11-20,-0.002629416978897395,56.0
2017-11-21,0.0012748698887901106,58.0
2017-11-22,0.006519838879752696,58.0
2017-11-23,,57.0
2017-11-24,-0.0007505427033295442,59.0
2017-11-27,0.002053984278231966,60.0
2017-11-28,-0.00038433158680325395,58.0
2017-11-29,0.009800332196793644,58.0
2017-11-30,-0.0003692938827907781,57.0
2017-12-01,0.008157586662811174,55.0
2017-12-04,-0.0020265829358053324,56.0
2017-12-05,-0.0010527105492864532,59.0
2017-12-06,-0.003746390525955308,57.0
2017-12-07,-0.00011411217053034995,58.0
2017-12-08,0.002928067010109385,57.0
2017-12-11,0.005491202035518141,56.0
2017-12-12,0.0031968421216958323,55.0
2017-12-13,0.001547723722089516,54.0
2017-12-14,-0.000473068970150185,54.0
2017-12-15,-0.004079167730762682,53.0
2017-12-18,0.008934313410142761,53.0
2017-12-19,0.005348478579597589,53.0
2017-12-20,-0.0032354980431185012,53.0
2017-12-21,-0.0008282360735725663,51.0
2017-12-22,0.0019836870126583982,50.0
2017-12-25,,51.0
2017-12-26,-0.00045827163811375547,52.0
2017-12-27,-0.0010589757000585695,51.0
2017-12-28,0.0007906283102422613,51.0
2017-12-29,0.0018323190029195554,52.0
2018-01-01,,49.0
2018-01-02,-0.005196632292748298,50.0
2018-01-03,0.008269078218398127,49.0
2018-01-04,0.006378433243936035,50.0
2018-01-05,0.004020542855326989,49.0
2018-01-08,0.007009145888585348,46.0
2018-01-09,0.001660963767296979,44.0
2018-01-10,0.0013020835172984225,44.0
2018-01-11,-0.0011128458115206878,44.0
2018-01-12,0.007009025768882019,43.0
2018-01-15,,44.0
2018-01-16,0.006726926399094035,41.0
2018-01-17,-0.0035307132616026696,41.0
2018-01-18,0.009371006206502086,40.0
2018-01-19,-0.0016176974974736241,39.0
2018-01-22,0.004375647986990156,39.0
2018-01-23,0.00803436438221324,37.0
2018-01-24,0.002172004968222319,37.0
2018-01-25,-0.0005601325472320471,38.0
2018-01-26,0.0006024393988328895,37.0
2018-01-29,0.011771638106084168,39.0
2018-01-30,-0.006754736284863033,37.0
2018-01-31,-0.010958642805337085,38.0
2018-02-01,0.0004888658586947881,40.0
2018-02-02,-0.0006482983520233253,36.0
2018-02-05,-0.021436680516698812,35.0
2018-02-06,-0.041842540938381426,36.0
2018-02-07,0.017290573348937088,36.0
2018-02-08,-0.005014138223752627,36.0
2018-02-09,-0.0382590522458017,35.0
2018-02-12,0.014825645199524345,35.0
2018-02-13,0.013818665678186272,35.0
2018-02-14,0.0026095219802775584,37.0
2018-02-15,0.013313439808897013,37.0
2018-02-16,0.01199686177677526,38.0
2018-02-19,,37.0
2018-02-20,0.0003733996499216942,36.0
2018-02-21,-0.005858517106837343,36.0
2018-02-22,-0.005511664483310908,36.0
2018-02-23,0.0009730774855778604,36.0
2018-02-26,0.015901278245121022,36.0
2018-02-27,0.011688438620627399,39.0
2018-02-28,-0.012788311441467541,41.0
2018-03-01,-0.011157806083656078,40.0
2018-03-02,-0.013413965854876449,42.0
2018-03-05,0.005058785485198549,41.0
2018-03-06,0.01097161761052657,38.0
2018-03-07,0.0026353829319968104,37.0
2018-03-08,-0.000483991825716375,34.0
2018-03-09,0.004453148208884627,33.0
2018-03-12,0.017229546741207587,33.0
2018-03-13,-0.001274797337998416,36.0
2018-03-14,-0.006383910414314703,36.0
2018-03-15,-0.005740969825188786,36.0
2018-03-16,-0.0007822363990965508,37.0
2018-03-19,0.0017019979472317418,34.0
2018-03-20,-0.014306040541373417,34.0
2018-03-21,0.0014807086617189258,36.0
2018-03-22,-0.0018456921256294063,33.0
2018-03-23,-0.025484886972854417,35.0
2018-03-26,-0.02118980731175066,36.0
2018-03-27,0.026795040706035392,35.0
2018-03-28,-0.0174272856453219,36.0
2018-03-29,-0.0029209188994626773,39.0
2018-03-30,,40.0
2018-04-02,0.013675777493843445,40.0
2018-04-03,-0.022590682343495868,39.0
2018-04-04,0.012535961315741067,38.0
2018-04-05,0.01150010234644679,39.0
2018-04-06,0.006839421401651201,38.0
2018-04-09,-0.022164067057064987,38.0
2018-04-10,0.0033309949675928295,37.0
2018-04-11,0.01658859899631407,38.0
2018-04-12,-0.005540685772461173,39.0
2018-04-13,0.008216898697657044,40.0
2018-04-16,-0.0028907998267066345,39.0
2018-04-17,0.008076336801563068,39.0
2018-04-18,0.01060507161386675,37.0
2018-04-19,0.0008310204075532664,37.0
2018-04-20,-0.00574258179583257,37.0
2018-04-23,-0.008573177188352708,38.0
2018-04-24,5.623011118453955e-05,37.0
2018-04-25,-0.013470888006475166,38.0
2018-04-26,0.0018353742328236348,40.0
2018-04-27,0.010380144187376953,41.0
2018-04-30,0.001113005271363815,44.0
2018-05-01,-0.008221192548921247,43.0
2018-05-02,0.0025458021710273926,41.0
2018-05-03,-0.007231951201402355,38.0
2018-05-04,-0.002256217585064076,40.0
2018-05-07,0.012729810028334959,41.0
2018-05-08,0.003451980554989958,41.0
2018-05-09,-0.0002656766117338216,42.0
2018-05-10,0.009635647934868785,40.0
2018-05-11,0.009327011603848374,44.0
2018-05-14,0.001706139270961256,44.0
2018-05-15,0.0008830995101265589,44.0
2018-05-16,-0.006865655043990812,45.0
2018-05-17,0.004052339847514407,46.0
2018-05-18,-0.0008562387886101002,46.0
2018-05-21,-0.0026356652545503154,45.0
2018-05-22,0.007359604547933372,46.0
2018-05-23,-0.0031406885928751895,49.0
2018-05-24,0.0032431452068987514,51.0
2018-05-25,-0.0020252629577225518,53.0
2018-05-28,,52.0
2018-05-29,-0.002360003054185922,51.0
2018-05-30,-0.011631572511792225,51.0
2018-05-31,0.012615875351923801,51.0
2018-06-01,-0.006903333243434208,52.0
2018-06-04,0.01079079970923988,50.0
2018-06-05,0.004469594898352221,52.0
2018-06-06,0.0007023462695756739,52.0
2018-06-07,0.008530900637311972,51.0
2018-06-08,-0.0007144436219845289,50.0
2018-06-11,0.0031210289077513477,47.0
2018-06-12,0.0010681370069403208,48.0
2018-06-13,0.0017418672787038484,48.0
2018-06-14,-0.004034254541411457,47.0
2018-06-15,0.002468500522503687,45.0
2018-06-18,-0.00101762031549408,44.0
2018-06-19,-0.002128391180886516,47.0
2018-06-20,-0.004031517951391294,46.0
2018-06-21,0.001710690224112545,44.0
2018-06-22,-0.006365728843220268,44.0
2018-06-25,0.0018602032551338834,43.0
2018-06-26,-0.013819722967770653,39.0
2018-06-27,0.0022021505056967236,39.0
2018-06-28,-0.008641586313141117,39.0
2018-06-29,0.006159680019031288,40.0
2018-07-02,0.0007581158875170001,43.0
2018-07-03,0.003063260834293461,44.0
2018-07-04,,44.0
2018-07-05,-0.004959629280533677,42.0
2018-07-06,0.008583856745537827,46.0
2018-07-09,0.00844551760058016,46.0
2018-07-10,0.008784290785341506,46.0
2018-07-11,0.003467249318821859,46.0
2018-07-12,-0.007119486371916502,46.0
2018-07-13,0.0087109915801719,46.0
2018-07-16,0.0010786555366086475,45.0
2018-07-17,-0.0010286646208985384,44.0
2018-07-18,0.003965824343443431,44.0
2018-07-19,0.0021581820767374625,44.0
2018-07-20,-0.003960826849049506,43.0
2018-07-23,-0.0009488977712743676,43.0
2018-07-24,0.0018363623432315187,42.0
2018-07-25,0.004769518886053562,45.0
2018-07-26,0.009060435070372713,41.0
2018-07-27,-0.00303690274886736,42.0
2018-07-30,-0.006583834644845457,44.0
2018-07-31,-0.0057707893155871425,41.0
2018-08-01,0.004872837219303094,40.0
2018-08-02,-0.0010408930675711336,40.0
2018-08-03,0.0049143495822087,38.0
2018-08-06,0.004633432065347987,37.0
2018-08-07,0.003531982650801626,35.0
2018-08-08,0.0028202017464857678,38.0
2018-08-09,-0.00026241439329510795,39.0
2018-08-10,-0.0014427146770399496,41.0
2018-08-13,-0.007139312263244473,42.0
2018-08-14,-0.004014037665980266,40.0
2018-08-15,0.006368930016417421,40.0
2018-08-16,-0.007631208581378815,40.0
2018-08-17,0.00788821455263811,38.0
2018-08-20,0.003317606375263089,39.0
2018-08-21,0.002425074902128281,39.0
2018-08-22,0.002066399954627058,39.0
2018-08-23,-0.0003982310542435054,40.0
2018-08-24,-0.0016926939235351061,40.0
2018-08-27,0.006179705928285333,40.0
2018-08-28,0.007641141407110444,41.0
2018-08-29,0.00026924207759835515,40.0
2018-08-30,0.005685242468911669,41.0
2018-08-31,-0.004440172044458075,42.0
2018-09-03,,41.0
2018-09-04,0.00013446846730492032,42.0
2018-09-05,-0.0016556920488793076,40.0
2018-09-06,-0.002807062801265972,41.0
2018-09-07,-0.0036589910366181576,41.0
2018-09-10,-0.002215797895014484,40.0
2018-09-11,0.0018960282146933797,42.0
2018-09-12,0.003732865689715426,41.0
2018-09-13,0.0003566083498935524,39.0
2018-09-14,0.005268352159391334,36.0
2018-09-17,0.00027544390076635555,37.0
2018-09-18,-0.005585290991549207,35.0
2018-09-19,0.0053546528676252396,38.0
2018-09-20,0.0012524880331719868,35.0
2018-09-21,0.00781001418532906,37.0
2018-09-24,-0.00036860093700704873,38.0
2018-09-25,-0.003521882314013849,37.0
2018-09-26,-0.001305948493117946,37.0
2018-09-27,-0.003294699681159941,37.0
2018-09-28,0.0027594762285113967,37.0
2018-10-01,-6.870144138179519e-06,39.0
2018-10-02,0.0036344923421985013,39.0
2018-10-03,-0.0003967689102790794,39.0
2018-10-04,0.0007112667367183715,39.0
2018-10-05,-0.008203035421009815,39.0
2018-10-08,-0.0055433145846221455,39.0
2018-10-09,-0.000395194708349698,36.0
2018-10-10,-0.0014189098341542976,34.0
2018-10-11,-0.03341638904260208,36.0
2018-10-12,-0.02078757997254153,36.0
2018-10-15,0.014106235408376288,36.0
2018-10-16,-0.005922482291300048,36.0
2018-10-17,0.02126782803490127,36.0
2018-10-18,-0.0002526942626648821,35.0
2018-10-19,-0.014496490575341185,34.0
2018-10-22,-0.00036123513527937907,34.0
2018-10-23,-0.004308797096477868,33.0
2018-10-24,-0.005527076180694164,34.0
2018-10-25,-0.03135077386114084,31.0
2018-10-26,0.018453717978714167,33.0
2018-10-29,-0.017479138010003174,33.0
2018-10-30,-0.00658120829519397,34.0
2018-10-31,0.015545322971877482,35.0
2018-11-01,0.010792878754571094,38.0
2018-11-02,0.010502498868529206,39.0
2018-11-05,-0.006336721055879746,36.0
2018-11-06,0.0055846936971941175,34.0
2018-11-07,0.0062397877444086355,34.0
2018-11-08,0.020987078560774024,34.0
2018-11-09,-0.002512068988491457,34.0
2018-11-12,-0.00924158591537243,33.0
2018-11-13,-0.019898150985467496,34.0
2018-11-14,-0.0014830188221738934,32.0
2018-11-15,-0.007596188818450545,31.0
2018-11-16,0.01053803274264194,29.0
2018-11-19,0.002220837537483983,28.0
2018-11-20,-0.016783161235721437,26.0
2018-11-21,-0.018317995556585972,25.0
2018-11-22,,26.0
2018-11-23,0.0030386693107672014,25.0
2018-11-26,-0.006576419711855615,29.0
2018-11-27,0.015412975845366429,29.0
2018-11-28,0.003256384364612641,30.0
2018-11-29,0.022714051303113776,28.0
2018-11-30,-0.002185494545393453,29.0
2018-12-03,0.008137547716617559,29.0
2018-12-04,0.010882001794362436,29.0
2018-12-05,,33.0
2018-12-06,-0.03290022883855611,32.0
2018-12-07,-0.0015233879141442856,34.0
2018-12-10,-0.02359633545632224,33.0
2018-12-11,0.0017606032229163218,33.0
2018-12-12,-0.00035640967530566644,36.0
2018-12-13,0.005404871010351243,35.0
2018-12-14,-0.00019995031241503897,37.0
2018-12-17,-0.019271212268699812,39.0
2018-12-18,-0.020992284828576645,38.0
2018-12-19,8.639685378910398e-05,39.0
2018-12-20,-0.015515459175936802,40.0
2018-12-21,-0.015897809484103957,41.0
2018-12-24,-0.02080312049854063,39.0
2018-12-25,,38.0
2018-12-26,-0.02748657287831441,37.0
2018-12-27,0.048403177670805035,37.0
2018-12-28,0.008526228968816992,38.0
2018-12-31,-0.0012423539102312722,38.0
2019-01-01,,36.0
2019-01-02,0.008456625862206874,37.0
2019-01-03,0.0012676930626261643,38.0
2019-01-04,-0.02506833181891511,39.0
2019-01-07,0.03375939906034647,40.0
2019-01-08,0.006985975995229761,41.0
2019-01-09,0.009648587336497393,42.0
2019-01-10,0.004089671332822161,42.0
2019-01-11,0.004508241374462229,40.0
2019-01-14,-0.0001463085444824661,40.0
2019-01-15,-0.00527139458724949,41.0
2019-01-16,0.010664618879761001,41.0
2019-01-17,0.0022195205290883643,39.0
2019-01-18,0.007562730706235749,37.0
2019-01-21,,39.0
2019-01-22,0.01309691283985578,39.0
2019-01-23,-0.014258476827972471,40.0
2019-01-24,0.002200489919450871,40.0
2019-01-25,0.001374780110977555,40.0
2019-01-28,0.008452867700518018,41.0
2019-01-29,-0.007877775848708898,41.0
2019-01-30,-0.0014573079351148383,41.0
2019-01-31,0.015429609891560045,40.0
2019-02-01,0.008560648809767757,39.0
2019-02-04,0.0008982065848071141,39.0
2019-02-05,0.006753381117479676,39.0
2019-02-06,0.0046973704373502,39.0
2019-02-07,-0.0022269157175087858,40.0
2019-02-08,-0.009401193202230233,39.0
2019-02-11,0.0006759725660127,39.0
2019-02-12,0.0007088518038183947,38.0
2019-02-13,0.012807852902838604,40.0
2019-02-14,0.0030194315937109753,41.0
2019-02-15,-0.0026551633836986214,42.0
2019-02-18,,40.0
2019-02-19,0.010820004664957538,40.0
2019-02-20,0.0014976213265920058,42.0
2019-02-21,0.00177553356074094,42.0
2019-02-22,-0.0035326693258413886,43.0
2019-02-25,0.006390638694710404,43.0
2019-02-26,0.0012311044497517107,45.0
2019-02-27,-0.0007907696728402984,48.0
2019-02-28,-0.0005441974362980739,48.0
2019-03-01,-0.002829507598950442,47.0
2019-03-04,0.006871656588713028,49.0
2019-03-05,-0.003888107395255168,52.0
2019-03-06,-0.001132173489706859,51.0
2019-03-07,-0.00654547360412503,50.0
2019-03-08,-0.008158911138331157,50.0
2019-03-11,-0.0021339641314536495,48.0
2019-03-12,0.014559535563489445,46.0
2019-03-13,0.002948965727805163,45.0
2019-03-14,0.0069255467570192835,44.0
2019-03-15,-0.0008683993315961826,44.0
2019-03-18,0.0049725194084307206,44.0
2019-03-19,0.0036990967989080333,46.0
2019-03-20,-0.00013057007992675946,45.0
2019-03-21,-0.002948696740769673,46.0
2019-03-22,0.010794015494689354,46.0
2019-03-25,-0.019156827134273257,46.0
2019-03-26,-0.000839372833310059,47.0
2019-03-27,0.007157052947934055,45.0
2019-03-28,-0.00465514327659887,46.0
2019-03-29,0.0035830547152617266,46.0
2019-04-01,0.006711706043324668,47.0
2019-04-02,0.011502195518044496,47.0
2019-04-03,1.7455554858152623e-05,51.0
2019-04-04,0.002146072420089187,50.0
2019-04-05,0.0020824652429942735,49.0
2019-04-08,0.004625717623099122,48.0
2019-04-09,0.0010469117505236662,47.0
2019-04-10,-0.0060859764356695385,46.0
2019-04-11,0.003471837754499924,48.0
2019-04-12,3.8122340342693696e-05,50.0
2019-04-15,0.0065875783895457275,49.0
2019-04-16,-0.0006295672443571088,48.0
2019-04-17,0.0005092283251399622,49.0
2019-04-18,-0.0022764008207388597,48.0
2019-04-19,,49.0
2019-04-22,0.0015778468242496745,49.0
2019-04-23,0.0010115058169329091,47.0
2019-04-24,0.008802351174995391,49.0
2019-04-25,-0.0021941686030362366,52.0
2019-04-26,-0.0003690417402728576,51.0
2019-04-29,0.004674350323304823,51.0
2019-04-30,0.0010709485042338864,51.0
2019-05-01,0.0009509646987914453,52.0
2019-05-02,-0.00753044585029134,53.0
2019-05-03,-0.0021262446486827887,56.0
2019-05-06,0.00959212747891747,55.0
2019-05-07,-0.004481013189072523,54.0
2019-05-08,-0.016649488088905522,52.0
2019-05-09,-0.0016067153894199682,51.0
2019-05-10,-0.0030259986619282898,51.0
2019-05-13,0.003713394069918638,54.0
2019-05-14,-0.024426469138497504,53.0
2019-05-15,0.007983987523216093,53.0
2019-05-16,0.005821994327723055,53.0
2019-05-17,0.008855957116499086,55.0
2019-05-20,-0.005854437174043804,59.0
2019-05-21,-0.006772257975405369,58.0
2019-05-22,0.008459949093190606,57.0
2019-05-23,-0.0028283923638994365,59.0
2019-05-24,-0.01198569224128196,60.0
2019-05-27,,62.0
2019-05-28,0.0013526437720373175,63.0
2019-05-29,-0.008410950000260244,63.0
2019-05-30,-0.00693591016723137,64.0
2019-05-31,0.002096272674997037,65.0
2019-06-03,-0.013283205250452958,67.0
2019-06-04,-0.002769070654307939,67.0
2019-06-05,0.021205927081077776,69.0
2019-06-06,0.008128726978813691,71.0
2019-06-07,0.006116840676004416,73.0
2019-06-10,0.010442979247260026,74.0
2019-06-11,0.004649220074765499,74.0
2019-06-12,-0.0003499414579512858,74.0
2019-06-13,-0.002039657827237423,76.0
2019-06-14,0.004089010502850191,74.0
2019-06-17,-0.0016128117861529605,75.0
2019-06-18,0.0009313154323528439,74.0
2019-06-19,0.009670489592970687,74.0
2019-06-20,0.0029807167930238428,76.0
2019-06-21,0.00942760533587314,77.0
2019-06-24,-0.0012600162797279978,77.0
2019-06-25,-0.0017333884605870258,75.0
2019-06-26,-0.009541775640387554,76.0
2019-06-27,-0.0012346956788039985,77.0
2019-06-28,0.0038158857925908473,80.0
2019-07-01,0.005740941840599626,79.0
2019-07-02,0.007643018610953927,80.0
2019-07-03,0.002923847276988696,80.0
2019-07-04,,83.0
2019-07-05,0.007643095660684157,82.0
2019-07-08,-0.0018075342045486649,83.0
2019-07-09,-0.004847173010123794,84.0
2019-07-10,0.0012357930584538906,84.0
2019-07-11,0.004500546936082614,83.0
2019-07-12,0.002282619578948549,84.0
2019-07-15,0.004609534302066538,85.0
2019-07-16,0.00017585372838413283,84.0
2019-07-17,-0.003409584555010327,84.0
2019-07-18,-0.006552665466093182,83.0
2019-07-19,0.0035755977088190827,85.0
2019-07-22,-0.006195889464844692,82.0
2019-07-23,0.002824701686250326,81.0
2019-07-24,0.00682414513927642,82.0
2019-07-25,0.004677192813475714,84.0
2019-07-26,-0.005276296483599537,84.0
2019-07-29,0.007360535770783042,83.0
2019-07-30,-0.0016174219290574364,86.0
2019-07-31,-0.0025819853720443708,84.0
2019-08-01,-0.01094520695213996,81.0
2019-08-02,-0.009039527568806017,81.0
2019-08-05,-0.007309388539565105,81.0
2019-08-06,-0.030230182169694777,79.0
2019-08-07,0.012933023911166613,80.0
2019-08-08,0.0007665823338588767,81.0
2019-08-09,0.018588462466865085,80.0
2019-08-12,-0.006638593133657111,78.0
2019-08-13,-0.012393809115915354,79.0
2019-08-14,0.015018346267301863,80.0
2019-08-15,-0.02973035245453567,80.0
2019-08-16,0.0024612366981802422,83.0
2019-08-19,0.014323058172245003,81.0
2019-08-20,0.012033175564397505,79.0
2019-08-21,-0.007946215312115467,78.0
2019-08-22,0.008212979557352937,78.0
2019-08-23,-0.00050620295927854,78.0
2019-08-26,-0.02628888112283785,78.0
2019-08-27,0.01092311273079789,78.0
2019-08-28,-0.0032083218005562386,76.0
2019-08-29,0.006524151530562512,79.0
2019-08-30,0.012607482441094399,78.0
2019-09-02,,80.0
2019-09-03,0.0006425807598767749,81.0
2019-09-04,-0.0069230093326854165,81.0
2019-09-05,0.010783725278421427,82.0
2019-09-06,0.01292591292175976,83.0
2019-09-09,0.0009101908043767861,84.0
2019-09-10,-9.401467889992668e-05,86.0
2019-09-11,0.0003222524259310153,86.0
2019-09-12,0.0072036723263872,87.0
2019-09-13,0.0028750162782333164,87.0
2019-09-16,-0.0007246768769660504,89.0
2019-09-17,-0.0031405129163559896,88.0
2019-09-18,0.0025784253724619854,91.0
2019-09-19,0.00034263328426719085,91.0
2019-09-20,1.9974521929475905e-05,89.0
2019-09-23,-0.004907599104880387,89.0
2019-09-24,-9.694061782751375e-05,88.0
2019-09-25,-0.00845198896355148,89.0
2019-09-26,0.0061396852419639035,88.0
2019-09-27,-0.002431871009613191,87.0
2019-09-30,-0.005330534579128577,85.0
2019-10-01,0.005034910215248393,84.0
2019-10-02,-0.012334126945412846,80.0
2019-10-03,-0.01806540418764383,78.0
2019-10-04,0.007940304773866787,79.0
2019-10-07,0.014116785239259274,80.0
2019-10-08,-0.00448835227368152,81.0
2019-10-09,-0.01568315955210993,79.0
2019-10-10,0.009063296514845923,79.0
2019-10-11,0.0063952024117826045,79.0
2019-10-14,0.010879579673789056,78.0
2019-10-15,-0.0013880816732189801,80.0
2019-10-16,0.009906445376489171,81.0
2019-10-17,-0.002001544553193733,81.0
2019-10-18,0.002759021969775287,81.0
2019-10-21,-0.003927045709799847,81.0
2019-10-22,0.006848114105333746,78.0
2019-10-23,-0.003575049258376838,78.0
2019-10-24,0.002843103345830729,77.0
2019-10-25,0.0019186046591713529,75.0
2019-10-28,0.004064429510656049,75.0
2019-10-29,0.0055658199161177,78.0
2019-10-30,-0.0008327519564807664,78.0
2019-10-31,0.0032480894008573105,78.0
2019-11-01,-0.0030274386345390905,78.0
2019-11-04,0.009615930559647514,81.0
2019-11-05,0.0036972458053124275,82.0
2019-11-06,-0.0011864027118206639,82.0
2019-11-07,0.0007022505922896238,81.0
2019-11-08,0.002726375244280665,82.0
2019-11-11,0.002557403145115828,83.0
2019-11-12,-0.0019643954133371925,84.0
2019-11-13,0.0015634233012630327,85.0
2019-11-14,0.0007112815701162954,87.0
2019-11-15,0.0008366926144567594,86.0
2019-11-18,0.007666028777973181,88.0
2019-11-19,0.0005030263228096366,88.0
2019-11-20,-0.0005927700996925261,91.0
2019-11-21,-0.0037632564209410676,90.0
2019-11-22,-0.0015840060861895076,93.0
2019-11-25,0.002172573942375937,93.0
2019-11-26,0.0074792518874672075,92.0
2019-11-27,0.0021931636449402277,91.0
2019-11-28,,91.0
2019-11-29,0.0041657356252997445,92.0
2019-12-02,-0.004019286229989053,92.0
2019-12-03,-0.008668483693963605,91.0
2019-12-04,-0.006660225258045148,91.0
2019-12-05,0.006303657608769993,95.0
2019-12-06,0.0014991269266302707,97.0
2019-12-09,0.009094246030426013,98.0
2019-12-10,-0.003167833684474369,98.0
2019-12-11,-0.0010975361689841293,98.0
2019-12-12,0.0029039375293507703,99.0
2019-12-13,0.008538667375555057,97.0
2019-12-16,7.25791502146863e-05,97.0
2019-12-17,0.007122360942542787,95.0
2019-12-18,0.0003352360284609262,95.0
2019-12-19,-0.0004323936405227425,96.0
2019-12-20,0.004449378821864254,95.0
2019-12-23,0.004932595804334098,98.0
2019-12-24,0.0008657687142985109,96.0
2019-12-25,,94.0
2019-12-26,-0.00019546730246814044,94.0
2019-12-27,0.005115062410053991,96.0
2019-12-30,3.3984139657930306e-05,98.0
2019-12-31,-0.005797596079349905,98.0
2020-01-01,,99.0
2020-01-02,0.002941690644190719,99.0
2020-01-03,0.008343895362316707,99.0
2020-01-06,-0.007084909364954553,100.0
2020-01-07,0.003527145194272564,100.0
2020-01-08,-0.0028071750845948405,99.0
2020-01-09,0.004890473485641129,100.0
2020-01-10,0.006633214116906491,100.0
2020-01-13,-0.0028592624875049015,100.0
2020-01-14,0.006951994045933256,100.0
2020-01-15,-0.0015156808368957204,100.0
2020-01-16,0.0018684502436879626,100.0
2020-01-17,0.008331747422232019,100.0
2020-01-20,,100.0
2020-01-21,0.003854723247485144,100.0
2020-01-22,-0.002655500369585384,100.0
2020-01-23,0.00028903429668107475,100.0
2020-01-24,0.001140326193358241,100.0
2020-01-27,-0.009083289426193788,100.0
2020-01-28,-0.015855752356844034,100.0
2020-01-29,0.010003383500352516,100.0
2020-01-30,-0.0008672501435846315,100.0
2020-01-31,0.0031294569302110597,99.0
2020-02-03,-0.01786444357136295,98.0
2020-02-04,0.007228425761232584,96.0
2020-02-05,0.014869315917506062,98.0
2020-02-06,0.011187778658972936,97.0
2020-02-07,0.003320155057001924,97.0
2020-02-10,-0.005415491009458352,97.0
2020-02-11,0.007299690120573207,98.0
2020-02-12,0.0016870486860021178,98.0
2020-02-13,0.006441853105203067,96.0
2020-02-14,-0.0016317763599886593,98.0
2020-02-17,,97.0
2020-02-18,0.0018418360984854144,95.0
2020-02-19,-0.0029242139861477136,94.0
2020-02-20,0.004694748284284925,96.0
2020-02-21,-0.0038228174279975285,98.0
2020-02-24,-0.010573809232819777,97.0
2020-02-25,-0.03408807942044074,96.0
2020-02-26,-0.030747904375353224,96.0
2020-02-27,-0.00378569732353003,99.0
2020-02-28,-0.045168136352261155,100.0
2020-03-02,-0.008272463109653077,100.0
2020-03-03,0.0450108687694132,100.0
2020-03-04,-0.02851048492291458,100.0
2020-03-05,0.041336349360633136,100.0
2020-03-06,-0.034510782439981125,100.0
2020-03-09,-0.01720094365238617,100.0
2020-03-10,-0.07901041294037148,100.0
2020-03-11,0.048215052425859106,100.0
2020-03-12,-0.05010289280860541,100.0
2020-03-13,-0.09994485240247351,100.0
2020-03-16,0.08880840694923595,100.0
2020-03-17,-0.12765219747281742,100.0
2020-03-18,0.05822631263569171,100.0
2020-03-19,-0.053222272332080246,100.0
2020-03-20,0.004696760970401053,100.0
2020-03-23,-0.04432762405336681,100.0
2020-03-24,-0.02973150100957679,100.0
2020-03-25,0.08968323251796326,100.0
2020-03-26,0.011468990420822226,100.0
2020-03-27,0.06054383107424656,100.0
2020-03-30,-0.0342678455416263,100.0
2020-03-31,0.032966590569974794,100.0
2020-04-01,-0.016142310788415843,100.0
2020-04-02,-0.04514636273278691,100.0
2020-04-03,0.022572657056960366,100.0
2020-04-06,-0.015252860825944299,100.0
2020-04-07,0.06796824414483035,100.0
2020-04-08,-0.001604339048362459,100.0
2020-04-09,0.033489371191284686,100.0
2020-04-10,,100.0
2020-04-13,0.014383470303699339,100.0
2020-04-14,-0.01015605944467711,100.0
2020-04-15,0.03011455957230757,100.0
2020-04-16,-0.022276732672369248,100.0
2020-04-17,0.0057998378395412884,100.0
2020-04-20,0.026440932021320578,100.0
2020-04-21,-0.018042845615347775,100.0
2020-04-22,-0.031155115236330667,100.0
2020-04-23,0.02267130058213675,100.0
2020-04-24,-0.0005395676601955963,100.0
2020-04-27,0.013822090566839217,100.0
2020-04-28,0.014606868181735996,100.0
2020-04-29,-0.005256170190483643,100.0
2020-04-30,0.02623670404507307,100.0
2020-05-01,-0.009255143319054839,100.0
2020-05-04,-0.028460211014775954,100.0
2020-05-05,0.0042408225788494016,100.0
2020-05-06,0.008999935197779802,100.0
2020-05-07,-0.007003880399042588,100.0
2020-05-08,0.011438955754890805,100.0
2020-05-11,0.016730795065226244,100.0
2020-05-12,0.0001330693667907644,100.0
2020-05-13,-0.020713365772047604,100.0
2020-05-14,-0.017616996624280044,100.0
2020-05-15,0.01145891780407149,100.0
2020-05-18,0.003918675203723029,100.0
2020-05-19,0.031015208770073424,100.0
2020-05-20,-0.010539747711599283,100.0
2020-05-21,0.0165139906134157,100.0
2020-05-22,-0.007803968309953686,100.0
2020-05-25,,100.0
2020-05-26,0.002350945686812366,100.0
2020-05-27,0.01221428502146052,100.0
2020-05-28,0.014718447490314346,100.0
2020-05-29,-0.0021101393249195488,100.0
2020-06-01,0.004800793552307952,100.0
2020-06-02,0.003744216478364391,100.0
2020-06-03,0.008177307282398658,100.0
2020-06-04,0.01355667081256392,100.0
2020-06-05,-0.003374389083608904,100.0
2020-06-08,0.025874012821635813,100.0
2020-06-09,0.011969656405806002,100.0
2020-06-10,-0.007829743419721978,100.0
2020-06-11,-0.005327255735182077,100.0
2020-06-12,-0.06075269299628893,100.0
2020-06-15,0.012976286605211731,100.0
2020-06-16,0.00827786081817526,100.0
2020-06-17,0.018784852866710527,100.0
2020-06-18,-0.0036067962326294138,100.0
2020-06-19,0.0005940434038017573,100.0
2020-06-22,-0.005665513565673728,100.0
2020-06-23,0.006474093296658384,100.0
2020-06-24,0.004298169191483789,100.0
2020-06-25,-0.0261952655956623,100.0
2020-06-26,0.01089982772821816,100.0
2020-06-29,-0.024525204274831163,100.0
2020-06-30,0.01457888811353358,100.0
2020-07-01,0.015292349435755562,100.0
2020-07-02,0.005009563975870565,100.0
2020-07-03,,100.0
2020-07-06,0.0045309704768169146,100.0
2020-07-07,0.01575693083216329,100.0
2020-07-08,-0.010877477869643567,100.0
2020-07-09,0.007796986263430269,100.0
2020-07-10,-0.005659591476194623,100.0
2020-07-13,0.010411809774443004,100.0
2020-07-14,-0.009406645216058874,100.0
2020-07-15,0.01331730058290395,100.0
2020-07-16,0.009041056936355048,100.0
2020-07-17,-0.0034119152141152374,100.0
2020-07-20,0.0028445625875835605,100.0
2020-07-21,0.008371797255140334,100.0
2020-07-22,0.0016776293345600682,100.0
2020-07-23,0.005730630594473862,100.0
2020-07-24,-0.012396378412246847,100.0
2020-07-27,-0.006209640024276134,100.0
2020-07-28,0.007367928821482373,100.0
2020-07-29,-0.006494435418646306,100.0
2020-07-30,0.012351783351742583,100.0
2020-07-31,-0.0037573017634548516,100.0
2020-08-03,0.0076412362421762695,100.0
2020-08-04,0.007155362664358673,100.0
2020-08-05,0.003605423026133557,100.0
2020-08-06,0.006409160435517922,100.0
2020-08-07,0.006407126020664802,100.0
2020-08-10,0.0006328292699566697,100.0
2020-08-11,0.0027384652733919213,100.0
2020-08-12,-0.008001055401377298,100.0
2020-08-13,0.013899502293613534,100.0
2020-08-14,-0.002049272676156681,100.0
2020-08-17,-0.00017189739627902921,100.0
2020-08-18,0.002706177507423456,100.0
2020-08-19,0.0023007404198168474,100.0
2020-08-20,-0.004414123345182018,100.0
2020-08-21,0.0031536547683461333,100.0
2020-08-24,0.0034351999829724668,100.0
2020-08-25,0.009993615364903508,100.0
2020-08-26,0.003589899745540117,100.0
2020-08-27,0.010144001344841499,100.0
2020-08-28,0.0016716460318091384,100.0
2020-08-31,0.006710002849570254,100.0
2020-09-01,-0.002197375175508541,100.0
2020-09-02,0.007496831420705943,100.0
2020-09-03,0.01524905014386973,100.0
2020-09-04,-0.0357575941421853,100.0
2020-09-07,,100.0
2020-09-08,-0.008166280754275102,100.0
2020-09-09,-0.02814882908646679,100.0
2020-09-10,0.019944760662180386,100.0
2020-09-11,-0.017741245925395586,100.0
2020-09-14,0.0005329301580873496,100.0
2020-09-15,0.012661335025022992,100.0
2020-09-16,0.005205785930499657,100.0
2020-09-17,-0.0046296468921518345,100.0
2020-09-18,-0.008447949528552457,100.0
2020-09-21,-0.011245576947828505,100.0
2020-09-22,-0.011638564027297718,100.0
2020-09-23,0.010463016398376152,100.0
2020-09-24,-0.02400733891437413,100.0
2020-09-25,0.0029830055546290505,100.0
2020-09-28,0.015850439224188495,100.0
2020-09-29,0.0159821918538544,100.0
2020-09-30,-0.004824282704443997,100.0
2020-10-01,0.00821984256837961,100.0
2020-10-02,0.0052789495642950775,100.0
2020-10-05,-0.009623812866370861,100.0
2020-10-06,0.017813109002900934,100.0
2020-10-07,-0.014072064387523205,100.0
2020-10-08,0.017247163770241564,100.0
2020-10-09,0.007978212894869286,100.0
2020-10-12,0.008755095180752877,100.0
2020-10-13,0.01628253015832422,100.0
2020-10-14,-0.006326891629163268,100.0
2020-10-15,-0.0066451720840594065,100.0
2020-10-16,-0.001528923514213078,100.0
2020-10-19,0.00013491045663045577,100.0
2020-10-20,-0.016464663514942676,100.0
2020-10-21,0.0047161953200011274,100.0
2020-10-22,-0.0021981140115702774,100.0
2020-10-23,0.0052053540034913415,100.0
2020-10-26,0.003439838320389479,100.0
2020-10-27,-0.018764472985322012,100.0
2020-10-28,-0.003030205350445511,100.0
2020-10-29,-0.03592554210857772,100.0
2020-10-30,0.01187652493999744,100.0
2020-11-02,-0.012203713445259962,100.0
2020-11-03,0.012242950890591667,100.0
2020-11-04,0.01764273768407783,100.0
2020-11-05,0.021807525655091704,100.0
2020-11-06,0.01927326577670128,100.0
2020-11-09,-0.00028775658537381985,100.0
2020-11-10,0.011631974746344153,100.0
2020-11-11,-0.001400775220867666,100.0
2020-11-12,0.007622728362991461,100.0
2020-11-13,-0.01002865154706935,100.0
2020-11-16,0.013518546706294007,100.0
2020-11-17,0.011580734922832603,100.0
2020-11-18,-0.004803443784647531,100.0
2020-11-19,-0.011631210647481315,100.0
2020-11-20,0.003938675690732779,100.0
2020-11-23,-0.006815737372918576,100.0
2020-11-24,0.005620108181849693,100.0
2020-11-25,0.016032458814031775,100.0
2020-11-26,,100.0
2020-11-27,-0.0015856747555094064,100.0
2020-11-30,0.0023941110259011363,100.0
2020-12-01,-0.004606140636972006,100.0
2020-12-02,0.011208140661592923,100.0
2020-12-03,0.0017895645286042845,100.0
2020-12-04,-0.0006243520802942291,100.0
2020-12-07,0.00879746371518688,100.0
2020-12-08,-0.001937513438963252,100.0
2020-12-09,0.002783271170170473,100.0
2020-12-10,-0.00798096494847171,100.0
2020-12-11,-0.0012859345277717227,100.0
2020-12-14,-0.0012657980842328352,100.0
2020-12-15,-0.0043687882451469585,100.0
2020-12-16,0.012838482022218645,100.0
2020-12-17,0.0017712256203230642,100.0
2020-12-18,0.0057411428089832834,100.0
2020-12-21,-0.003517296952148704,100.0
2020-12-22,-0.003913928486909485,100.0
2020-12-23,-0.0020752446917703606,100.0
2020-12-24,0.0007455332718186887,100.0
2020-12-25,,100.0
2020-12-28,0.0035303499794869524,100.0
2020-12-29,0.0086847075384115,100.0
2020-12-30,-0.002229864827278697,100.0
2020-12-31,0.0013406480950792154,100.0
2021-01-01,,100.0
2021-01-04,0.006418204711703793,100.0
2021-01-05,-0.014864762712025787,100.0
2021-01-06,0.007057631383362026,100.0
2021-01-07,0.005693603382474094,100.0
2021-01-08,0.014738260107752971,100.0
2021-01-11,0.00547683739351537,100.0
2021-01-12,-0.006576327616621317,100.0
2021-01-13,0.000415702030569564,100.0
2021-01-14,0.0022730563867261076,100.0
2021-01-15,-0.003760513068743101,100.0
2021-01-18,,100.0
2021-01-19,-0.007216000798278504,100.0
2021-01-20,0.008103457635761657,100.0
2021-01-21,0.013839417376510862,100.0
2021-01-22,0.00031667316131354906,100.0
2021-01-25,-0.0030151526629377105,100.0
2021-01-26,0.0036093175130174657,100.0
2021-01-27,-0.001489943161153501,100.0
2021-01-28,-0.02601331512610035,100.0
2021-01-29,0.009713298778760395,100.0
2021-02-01,-0.019500377654792,100.0
2021-02-02,0.015924300234678626,100.0
2021-02-03,0.013802528814310624,100.0
2021-02-04,0.0010082606153447803,100.0
2021-02-05,0.010794847643921975,100.0
2021-02-08,0.003889919607763825,100.0
2021-02-09,0.007372107476289037,100.0
2021-02-10,-0.0011141454217211749,100.0
2021-02-11,-0.0003452445223915674,100.0
2021-02-12,0.0016610748145877074,100.0
2021-02-15,,100.0
2021-02-16,0.004699970926162608,100.0
2021-02-17,-0.0005694345154154666,100.0
2021-02-18,-0.0003204533489169501,100.0
2021-02-19,-0.004425614227243303,100.0
2021-02-22,-0.0018566190956649255,100.0
2021-02-23,-0.007762892893710863,100.0
2021-02-24,0.0012555296115265332,100.0
2021-02-25,0.011287667670985945,100.0
2021-02-26,-0.02478339442417185,100.0
2021-03-01,-0.004761532293798778,100.0
2021-03-02,0.02351217322569352,100.0
2021-03-03,-0.00811367873950876,100.0
2021-03-04,-0.01315233589480116,100.0
2021-03-05,-0.013508038064390469,100.0
2021-03-08,0.019308356338709188,100.0
2021-03-09,-0.005373643224025429,100.0
2021-03-10,0.014055400743930569,100.0
2021-03-11,0.006012203770988197,100.0
2021-03-12,0.010341825500657608,100.0
2021-03-15,0.0010148833275308508,100.0
2021-03-16,0.006470939539413048,100.0
2021-03-17,-0.0015709169785959108,100.0
2021-03-18,0.0028752446501592592,100.0
2021-03-19,-0.014870560065947797,100.0
2021-03-22,-0.0006028856737550234,100.0
2021-03-23,0.007000556898342752,100.0
2021-03-24,-0.007660118119334028,100.0
2021-03-25,-0.00548233660034883,100.0
2021-03-26,0.005226583432729291,100.0
2021-03-29,0.016494418658716575,100.0
2021-03-30,-0.0008683896263867381,100.0
2021-03-31,-0.0031628294096500294,100.0
2021-04-01,0.003615953592419885,100.0
2021-04-02,,100.0
2021-04-05,0.011755830427674127,100.0
2021-04-06,0.0143349877622439,100.0
2021-04-07,-0.0009740049407969285,100.0
2021-04-08,0.0014741456981068137,100.0
2021-04-09,0.004211750940591775,100.0
2021-04-12,0.007690288135687276,100.0
2021-04-13,-0.0001960980747395339,100.0
2021-04-14,0.0032890718770625686,100.0
2021-04-15,-0.004096104320730151,100.0
2021-04-16,0.011033101401119478,100.0
2021-04-19,0.0036023233905179666,100.0
2021-04-20,-0.005320689893757947,100.0
2021-04-21,-0.006825561005077803,100.0
2021-04-22,0.009263020919853236,100.0
2021-04-23,-0.009253337860554323,100.0
2021-04-26,0.01086940989553096,100.0
2021-04-27,0.001780684564582624,100.0
2021-04-28,-0.0002149189814442344,100.0
2021-04-29,-0.0008458975873960478,100.0
2021-04-30,0.0067400415367024095,100.0
2021-05-03,-0.0072207134171198275,100.0
2021-05-04,0.002744321649512167,100.0
2021-05-05,-0.0067007374898472305,100.0
2021-05-06,0.0007032164471135163,100.0
2021-05-07,0.008132299498632055,100.0
2021-05-10,0.007346291419186351,100.0
2021-05-11,-0.010490480503138024,100.0
2021-05-12,-0.008711750141781542,100.0
2021-05-13,-0.021682782358302413,100.0
2021-05-14,0.012099644578094055,100.0
2021-05-17,0.014807778563623631,100.0
2021-05-18,-0.002533258183961915,100.0
2021-05-19,-0.0085537723840327,100.0
2021-05-20,-0.002947751811378411,100.0
2021-05-21,0.01049942933450842,100.0
2021-05-24,-0.0007841880752528091,100.0
2021-05-25,0.009862497481216075,100.0
2021-05-26,-0.002127545400828599,100.0
2021-05-27,0.0018750575506104544,100.0
2021-05-28,0.001164636089862995,100.0
2021-05-31,,100.0
2021-06-01,0.000768586452887337,100.0
2021-06-02,-0.0004924547586291649,100.0
2021-06-03,0.0014458890369002922,100.0
2021-06-04,-0.003635303056049319,100.0
2021-06-07,0.008795303383016323,100.0
2021-06-08,-0.0007970562694215079,100.0
2021-06-09,0.00017500954944121158,100.0
2021-06-10,-0.0018255325906156837,100.0
2021-06-11,0.004641454776462911,100.0
2021-06-14,0.0019465389328083601,100.0
2021-06-15,0.0018135563851361702,100.0
2021-06-16,-0.00201371995427588,100.0
2021-06-17,-0.005404703747026491,100.0
2021-06-18,-0.00043581054367264766,100.0
2021-06-21,-0.013211355687284158,100.0
2021-06-22,0.013905163512319857,100.0
2021-06-23,0.005111406378990611,100.0
2021-06-24,-0.0010838705186495853,100.0
2021-06-25,0.005794429545916893,100.0
2021-06-28,0.003325063164687565,100.0
2021-06-29,0.0023122888604717494,100.0
2021-06-30,0.0002772977426878152,100.0
2021-07-01,0.0013272784229071918,100.0
2021-07-02,0.005208041432254744,100.0
2021-07-05,,100.0
2021-07-06,0.007472095894691671,100.0
2021-07-07,-0.0020239027700217787,100.0
2021-07-08,0.0033533465536629346,100.0
2021-07-09,-0.008597881009556396,100.0
2021-07-12,0.011214825902413766,100.0
2021-07-13,0.0034452326955940497,100.0
2021-07-14,-0.0035230111811655838,100.0
2021-07-15,0.0011642565654693257,100.0
2021-07-16,-0.0032675735627459117,100.0
2021-07-19,-0.007567415006813217,100.0
2021-07-20,-0.015996781399983978,100.0
2021-07-21,0.0150488060047999,100.0
2021-07-22,0.008208041662144044,100.0
2021-07-23,0.0020146392092429753,100.0
2021-07-26,0.010094332386254415,100.0
2021-07-27,0.0023793669227295928,100.0
2021-07-28,-0.004723583382178003,100.0
2021-07-29,-0.000186279231552706,100.0
2021-07-30,0.004197331845272641,100.0
2021-08-02,-0.005420713608261166,100.0
2021-08-03,-0.001844505670060361,100.0
2021-08-04,0.008169961338918062,100.0
2021-08-05,-0.004643150661295458,100.0
2021-08-06,0.005987485990419113,100.0
2021-08-09,0.0016738645485288822,100.0
2021-08-10,-0.0009403502649549345,100.0
2021-08-11,0.0009921869538634502,100.0
2021-08-12,0.0012749307180154837,100.0
2021-08-13,0.00413780773547866,100.0
2021-08-16,0.0016060163209228441,100.0
2021-08-17,0.0026174222619943593,100.0
2021-08-18,-0.007085743507137991,100.0
2021-08-19,-0.01080665284525433,100.0
2021-08-20,0.001255903256156918,100.0
2021-08-23,0.00810860389074176,100.0
2021-08-24,0.008487667984412181,100.0
2021-08-25,0.0014946188019620721,100.0
2021-08-26,0.00221765740325088,100.0
2021-08-27,-0.0058419498276026565,100.0
2021-08-30,0.008769071540452218,100.0
2021-08-31,0.0042973241068746,100.0
2021-09-01,-0.0013500269158932096,100.0
2021-09-02,0.00031164006095334113,100.0
2021-09-03,0.002838605754404257,100.0
2021-09-06,,100.0
2021-09-07,-0.0003350872611813474,100.0
2021-09-08,-0.0034013524523203464,100.0
2021-09-09,-0.001319436813816666,100.0
2021-09-10,-0.004616247150002522,100.0
2021-09-13,-0.0077525522862761,100.0
2021-09-14,0.002273900346369644,100.0
2021-09-15,-0.005763213966258604,100.0
2021-09-16,0.008438294222079725,100.0
2021-09-17,-0.0015523447127638308,100.0
2021-09-20,-0.0091526302757993,100.0
2021-09-21,-0.017123077726381844,100.0
2021-09-22,-0.0008126886585469564,100.0
2021-09-23,0.009474585224220084,100.0
2021-09-24,0.012061680369935969,100.0
2021-09-27,0.0014599428113642636,100.0
2021-09-28,-0.002780243920187674,100.0
2021-09-29,-0.020574317739894057,100.0
2021-09-30,0.0015679543362838073,100.0
2021-10-01,-0.011981202945014901,100.0
2021-10-04,0.011425952113334161,100.0
2021-10-05,-0.013070952048643704,100.0
2021-10-06,0.010469517498601526,100.0
2021-10-07,0.004094399349624824,100.0
2021-10-08,0.008264039225065405,100.0
2021-10-11,-0.0019155566024214522,100.0
2021-10-12,-0.006889441644339833,100.0
2021-10-13,-0.0024197056865549256,100.0
2021-10-14,0.0030179558702319183,100.0
2021-10-15,0.016919162285711567,100.0
2021-10-18,0.007432520637190081,100.0
2021-10-19,0.0033690878018038262,100.0
2021-10-20,0.007366142784235753,100.0
2021-10-21,0.003657333598560689,100.0
2021-10-22,0.002991393168360022,100.0
2021-10-25,-0.0010731292246643565,100.0
2021-10-26,0.004736959440853509,100.0
2021-10-27,0.0018181414322441137,100.0
2021-10-28,-0.0050643703711055294,100.0
2021-10-29,0.009781288424184026,100.0
2021-11-01,0.0019474372317175562,100.0
2021-11-02,0.0017984589459023885,100.0
2021-11-03,0.003673607120388547,100.0
2021-11-04,0.00644049461289024,100.0
2021-11-05,0.004173222342817036,100.0
2021-11-08,0.003725850045284445,100.0
2021-11-09,0.0008873940607025194,100.0
2021-11-10,-0.0035049109264001276,100.0
2021-11-11,-0.008259842163861058,100.0
2021-11-12,0.0005507883329889288,100.0
2021-11-15,0.007196697564130407,100.0
2021-11-16,-1.0739878017001878e-05,100.0
2021-11-17,0.0038577790571266367,100.0
2021-11-18,-0.0026050154828958787,100.0
2021-11-19,0.0033790647401719144,100.0
2021-11-22,-0.001399644604988097,100.0
2021-11-23,-0.003202258316960725,100.0
2021-11-24,0.001655761383195201,100.0
2021-11-25,,100.0
2021-11-26,0.0022912237766672798,100.0
2021-11-29,-0.022987011159321162,100.0
2021-11-30,0.013113836082824229,100.0
2021-12-01,-0.019143381187850562,100.0
2021-12-02,-0.011885541457955926,100.0
2021-12-03,0.014094638396057768,100.0
2021-12-06,-0.00848445514173865,100.0
2021-12-07,0.011662599309686139,100.0
2021-12-08,0.020495603186252546,100.0
2021-12-09,0.003080535586585806,100.0
2021-12-10,-0.007206988232523656,100.0
2021-12-13,0.009503769118209724,100.0
2021-12-14,-0.009178158342793815,100.0
2021-12-15,-0.0074987228546236715,100.0
2021-12-16,0.016216267351890877,100.0
2021-12-17,-0.008781863311112446,100.0
2021-12-20,-0.01034096458405368,100.0
2021-12-21,-0.01145339832325659,100.0
2021-12-22,0.017621755385195486,100.0
2021-12-23,0.010128728029127596,100.0
2021-12-24,,100.0
2021-12-27,0.006204412685251626,100.0
2021-12-28,0.013744051573605864,100.0
2021-12-29,-0.0010106653988873737,100.0
2021-12-30,0.0014009134018576786,100.0
2021-12-31,-0.002994233841904309,100.0
2022-01-03,-0.0026296343734744394,100.0
2022-01-04,0.006353824170388397,100.0
2022-01-05,-0.0006298202522032699,100.0
2022-01-06,-0.019583264304501073,100.0
2022-01-07,-0.0009642337401809882,100.0
2022-01-10,-0.004058441082336512,100.0
2022-01-11,-0.0014420705375388979,100.0
2022-01-12,0.009118286452399373,100.0
2022-01-13,0.0028137920146670695,100.0
2022-01-14,-0.014346029234400533,100.0
2022-01-17,,100.0
2022-01-18,0.0008196442695905652,100.0
2022-01-19,-0.0185591053980085,100.0
2022-01-20,-0.009736790941460195,100.0
2022-01-21,-0.011098742304330734,100.0
2022-01-24,-0.019095995324635427,100.0
2022-01-25,0.0027679047582695165,100.0
2022-01-26,-0.012246590556866267,100.0
2022-01-27,-0.0014977569258856588,100.0
2022-01-28,-0.005398635199970923,100.0
2022-01-31,0.024055967914736694,100.0
2022-02-01,0.018709826222984446,100.0
2022-02-02,0.006839560348317067,100.0
2022-02-03,0.009378400448324454,100.0
2022-02-04,-0.024693471720120656,100.0
2022-02-07,0.005143678439863626,100.0
2022-02-08,-0.003708580927828488,100.0
2022-02-09,0.00836611346663433,100.0
2022-02-10,0.014412842079264784,100.0
2022-02-11,-0.01828182448505601,100.0
2022-02-14,-0.019151682638086528,100.0
2022-02-15,-0.0038479907556283146,100.0
2022-02-16,0.015643717646064172,100.0
2022-02-17,0.0008808197202838003,100.0
2022-02-18,-0.021400504136936647,100.0
2022-02-21,,100.0
2022-02-22,-0.007191961663866342,100.0
2022-02-23,-0.010194735435016016,100.0
2022-02-24,-0.018583735748788438,100.0
2022-02-25,0.014846105252724002,100.0
2022-02-28,0.022126080551265786,100.0
2022-03-01,-0.0024455914631261143,100.0
2022-03-02,-0.015594467786613053,100.0
2022-03-03,0.018471046780652183,100.0
2022-03-04,-0.005268520744245652,100.0
2022-03-07,-0.007965684543001903,100.0
2022-03-08,-0.029962586814416495,100.0
2022-03-09,-0.007260043975698096,100.0
2022-03-10,0.025373598122141117,100.0
2022-03-11,-0.004301049920247209,100.0
2022-03-14,-0.013046278933238144,100.0
2022-03-15,-0.007448675095533314,100.0
2022-03-16,0.021182629724144964,100.0
2022-03-17,0.022136921648393443,100.0
2022-03-18,0.012272205068700267,100.0
2022-03-21,0.011594814411888112,100.0
2022-03-22,-0.0004347548543014596,100.0
2022-03-23,0.011240699554074212,100.0
2022-03-24,-0.012348630252495208,100.0
2022-03-25,0.014242012281618024,100.0
2022-03-28,0.005053380704237665,100.0
2022-03-29,0.007119551020042568,100.0
2022-03-30,0.01218204410139109,100.0
2022-03-31,-0.006313588999088777,100.0
2022-04-01,-0.015776335226881762,100.0
2022-04-04,0.0034044209614630277,100.0
2022-04-05,0.008058382532133647,100.0
2022-04-06,-0.01263115907400537,100.0
2022-04-07,-0.009764433912479721,100.0
2022-04-08,0.004244365552037262,100.0
2022-04-11,-0.0026545466755523947,100.0
2022-04-12,-0.017021334584696127,100.0
2022-04-13,-0.0034233005304522353,100.0
2022-04-14,0.011112603268901934,100.0
2022-04-15,,100.0
2022-04-18,-0.012218480383508163,100.0
2022-04-19,-0.0002048892724065068,100.0
2022-04-20,0.01593004474938665,100.0
2022-04-21,-0.0006186664061825758,100.0
2022-04-22,-0.014862855551311067,100.0
2022-04-25,-0.028132076377366966,100.0
2022-04-26,0.0056817651441118085,100.0
2022-04-27,-0.028550008928597752,100.0
2022-04-28,0.0020958490249645954,100.0
2022-04-29,0.024445655340832175,100.0
2022-05-02,-0.03695915978469415,100.0
2022-05-03,0.005659199293818601,100.0
2022-05-04,0.004825465075359521,100.0
2022-05-05,0.029425221557325833,100.0
2022-05-06,-0.03630067756409906,100.0
2022-05-09,-0.00569038441395277,100.0
2022-05-10,-0.03256151953960419,100.0
2022-05-11,0.002454881760409255,100.0
2022-05-12,-0.016600232095697796,100.0
2022-05-13,-0.0012968049941124407,100.0
2022-05-16,0.023589267956869442,100.0
2022-05-17,-0.003954208517722458,100.0
2022-05-18,0.01996891958146264,100.0
2022-05-19,-0.041233809291248875,100.0
2022-05-20,-0.005850864777347809,100.0
2022-05-23,0.0001461310919903067,100.0
2022-05-24,0.018384995412060758,100.0
2022-05-25,-0.008153950903558081,100.0
2022-05-26,0.009406385648931585,100.0
2022-05-27,0.019688166007720866,100.0
2022-05-30,,100.0
2022-05-31,0.024441130195822013,100.0
2022-06-01,-0.006294135193666945,100.0
2022-06-02,-0.007510905041155451,100.0
2022-06-03,0.018263225415545106,100.0
2022-06-06,-0.016482405609817057,100.0
2022-06-07,0.003132489407036025,100.0
2022-06-08,0.00947833153171984,100.0
2022-06-09,-0.010852623040155319,100.0
2022-06-10,-0.02408645766515553,100.0
2022-06-13,-0.029542414811409477,100.0
2022-06-14,-0.03953993199003993,100.0
2022-06-15,-0.003780818039489633,100.0
2022-06-16,0.014487058836534478,100.0
2022-06-17,-0.033052207113840666,100.0
2022-06-20,,100.0
2022-06-21,0.0021984473410133873,100.0
2022-06-22,0.024182474960671992,100.0
2022-06-23,-0.0013024200953574458,100.0
2022-06-24,0.00948707248555652,100.0
2022-06-27,0.030105539729901033,100.0
2022-06-28,-0.0029774998903406716,100.0
2022-06-29,-0.0203486731494949,100.0
2022-06-30,-0.0007119988201726959,100.0
2022-07-01,-0.008797866246367652,100.0
2022-07-04,,100.0
2022-07-05,0.010498511296639174,100.0
2022-07-06,0.0015828751061934918,100.0
2022-07-07,0.003566795705066178,100.0
2022-07-08,0.014853723180930391,100.0
2022-07-11,-0.00083061639612735,100.0
2022-07-12,-0.011594417660525545,100.0
2022-07-13,-0.00928686849749371,100.0
2022-07-14,-0.00446686411181668,100.0
2022-07-15,-0.003003138812764307,100.0
2022-07-18,0.01901923165863364,100.0
2022-07-19,-0.008398742485835936,100.0
2022-07-20,0.02725351764373082,100.0
2022-07-21,0.0058784939410571665,100.0
2022-07-22,0.00981306668950467,100.0
2022-07-25,-0.009376287293813849,100.0
2022-07-26,0.001314302973305868,100.0
2022-07-27,-0.011610342599263359,100.0
2022-07-28,0.025820048778629066,100.0
2022-07-29,0.012060319791912806,100.0
2022-08-01,0.014107775781753557,100.0
2022-08-02,-0.002827076544916728,100.0
2022-08-03,-0.00668468837887098,100.0
2022-08-04,0.015517456270090707,100.0
2022-08-05,-0.0007776424495837734,100.0
2022-08-08,-0.0016270690189191196,100.0
2022-08-09,-0.0012383171221209141,100.0
2022-08-10,-0.004257744235926498,100.0
2022-08-11,0.021067158460407496,100.0
2022-08-12,-0.0007057229222018175,100.0
2022-08-15,0.017174046951492668,100.0
2022-08-16,0.003961684056233163,100.0
2022-08-17,0.0018739228259478625,100.0
2022-08-18,-0.007264114867648021,100.0
2022-08-19,0.0022669896063847975,100.0
2022-08-22,-0.012983928713038868,100.0
2022-08-23,-0.021632366466494565,100.0
2022-08-24,-0.002240370434437464,100.0
2022-08-25,0.002911916698724165,100.0
2022-08-26,0.013993241836107048,100.0
2022-08-29,-0.03426857631703952,100.0
2022-08-30,-0.0066886751973248065,100.0
2022-08-31,-0.011089416492117008,100.0
2022-09-01,-0.007847738208153028,100.0
2022-09-02,0.0029917522671948716,100.0
2022-09-05,,100.0
2022-09-06,-0.010794552570724387,100.0
2022-09-07,-0.004103464690895143,100.0
2022-09-08,0.018174848666169877,100.0
2022-09-09,0.006588966880442448,100.0
2022-09-12,0.01515601498121106,100.0
2022-09-13,0.010528651483995635,100.0
2022-09-14,-0.04419916303197406,100.0
2022-09-15,0.003381289078844715,100.0
2022-09-16,-0.011382272168149512,100.0
2022-09-19,-0.007208049775663175,100.0
2022-09-20,0.006833697724705768,100.0
2022-09-21,-0.011336114736600402,100.0
2022-09-22,-0.01726467409850635,100.0
2022-09-23,-0.008463293830453985,100.0
2022-09-26,-0.017382828767330778,100.0
2022-09-27,-0.010394360890280502,100.0
2022-09-28,-0.0021226109548247284,100.0
2022-09-29,0.019481144181152356,100.0
2022-09-30,-0.0213527948230975,100.0
2022-10-03,-0.0151813515462093,100.0
2022-10-04,0.02555457753093017,100.0
2022-10-05,0.030125341416799834,100.0
2022-10-06,-0.0020199875589381176,100.0
2022-10-07,-0.010297922911395202,100.0
2022-10-10,-0.028403196531478058,100.0
2022-10-11,-0.007520673133652772,100.0
2022-10-12,-0.006540518412323781,100.0
2022-10-13,-0.0032961996501662937,100.0
2022-10-14,0.025634259307631132,100.0
2022-10-17,-0.023947120744528417,100.0
2022-10-18,0.026135524557561848,100.0
2022-10-19,0.011362768207087462,100.0
2022-10-20,-0.006694455239684375,100.0
2022-10-21,-0.007982686738766696,100.0
2022-10-24,0.023447759860447268,100.0
2022-10-25,0.011811940205111494,100.0
2022-10-26,0.01613577001587496,100.0
2022-10-27,-0.007415140398989885,100.0
2022-10-28,-0.006101185053184453,100.0
2022-10-31,0.024328036770856338,100.0
2022-11-01,-0.007482327030336412,100.0
2022-11-02,-0.0041096637203590055,100.0
2022-11-03,-0.025319843737482882,100.0
2022-11-04,-0.010642422531956597,100.0
2022-11-07,0.013526823285563951,100.0
2022-11-08,0.00956806167935914,100.0
2022-11-09,0.005582282828760321,100.0
2022-11-10,-0.020996784712303443,100.0
2022-11-11,0.05395251566479769,100.0
2022-11-14,0.009198312304769028,100.0
2022-11-15,-0.008975940544918012,100.0
2022-11-16,0.008675376414669186,100.0
2022-11-17,-0.008286283111873759,100.0
2022-11-18,-0.0030941046442292835,100.0
2022-11-21,0.00474729564815821,100.0
2022-11-22,-0.003891249800275618,100.0
2022-11-23,0.01348860626982839,100.0
2022-11-24,,100.0
2022-11-25,0.0058972660417383116,100.0
2022-11-28,-0.0002830842622024787,100.0
2022-11-29,-0.015564696794064813,100.0
2022-11-30,-0.0015931337016243704,100.0
2022-12-01,0.030478643521294944,100.0
2022-12-02,-0.0008680098296065889,100.0
2022-12-05,-0.001195374663761461,100.0
2022-12-06,-0.01805624963097222,100.0
2022-12-07,-0.014503869422986057,100.0
2022-12-08,-0.001864107253381664,100.0
2022-12-09,0.007493634413933237,100.0
2022-12-12,-0.0073767194642132125,100.0
2022-12-13,0.01417830729965003,100.0
2022-12-14,0.007263223255457212,100.0
2022-12-15,-0.006071116623835963,100.0
2022-12-16,-0.02523747790182607,100.0
2022-12-19,-0.011200239946011676,100.0
2022-12-20,-0.0090483289411038,100.0
2022-12-21,0.001036800697890769,100.0
2022-12-22,0.014758548669054294,100.0
2022-12-23,-0.014557142498145655,100.0
2022-12-26,,100.0
2022-12-27,0.005850952271915072,100.0
2022-12-28,-0.004057844034659477,100.0
2022-12-29,-0.012093470442948605,100.0
2022-12-30,0.01731063431499432,100.0
2023-01-02,,100.0
2023-01-03,-0.002543975646110833,100.0
2023-01-04,-0.004008572481273608,100.0
2023-01-05,0.007510694562138916,100.0
2023-01-06,-0.011713869136457158,100.0
2023-01-09,0.02258383558903089,100.0
2023-01-10,-0.0007679273259905782,100.0
2023-01-11,0.006953997970593733,100.0
2023-01-12,0.012767571192293676,100.0
2023-01-13,0.0034100849120427303,100.0
2023-01-16,,100.0
2023-01-17,0.003988892144656051,100.0
2023-01-18,-0.002032555430996314,100.0
2023-01-19,-0.015684966977744675,100.0
2023-01-20,-0.007667671901812428,100.0
2023-01-23,0.01874167355235196,100.0
2023-01-24,0.011811315951328555,100.0
2023-01-25,-0.0007117563642918193,100.0
2023-01-26,-0.00018174157346566321,100.0
2023-01-27,0.010947708029114303,100.0
2023-01-30,0.002491734021703855,100.0
2023-01-31,-0.013053569315292663,100.0
2023-02-01,0.014536304416419527,100.0
2023-02-02,0.01039805629688473,100.0
2023-02-03,0.014592384626854379,100.0
2023-02-06,-0.010408592637285455,100.0
2023-02-07,-0.006159393193939262,100.0
2023-02-08,0.012790364037397075,100.0
2023-02-09,-0.011142573012411353,100.0
2023-02-10,-0.008869009831037385,100.0
2023-02-13,0.0021928557092171274,100.0
2023-02-14,0.011383569951155146,100.0
2023-02-15,-0.0002804538554937624,100.0
2023-02-16,0.002769337533076689,100.0
2023-02-17,-0.013884689204881605,100.0
2023-02-20,,100.0
2023-02-21,-0.0027712421722827342,100.0
2023-02-22,-0.020244783973471698,100.0
2023-02-23,-0.0015747954856433837,100.0
2023-02-24,0.005315278263237728,100.0
2023-02-27,-0.010593464619774184,100.0
2023-02-28,0.0030682925395522777,100.0
2023-03-01,-0.0030406198309477117,100.0
2023-03-02,-0.004736464203492832,100.0
2023-03-03,0.0075535937311959735,100.0
2023-03-06,0.01601874917648306,100.0
2023-03-07,0.0006869307788483012,100.0
2023-03-08,-0.015445590479262547,100.0
2023-03-09,0.0014137941356032722,100.0
2023-03-10,-0.018631857945482354,100.0
2023-03-13,-0.01458396943606664,100.0
2023-03-14,-0.001510901840738768,100.0
2023-03-15,0.016342388235363665,100.0
2023-03-16,-0.007005363929353597,100.0
2023-03-17,0.017409576249031722,100.0
2023-03-20,-0.011080621273953702,100.0
2023-03-21,0.008878869635940853,100.0
2023-03-22,0.012898647518559103,100.0
2023-03-23,-0.016600248639842885,100.0
2023-03-24,0.0029800838691824228,100.0
2023-03-27,0.005623963084303207,100.0
2023-03-28,0.0016455995637670831,100.0
2023-03-29,-0.0015750832883878866,100.0
2023-03-30,0.014136870775046802,100.0
2023-03-31,0.005698999199482652,100.0
2023-04-03,0.014333327782036555,100.0
2023-04-04,0.003692022565802823,100.0
2023-04-05,-0.005813839745162529,100.0
2023-04-06,-0.002495481657121423,100.0
2023-04-07,,100.0
2023-04-10,0.0035727731328032467,100.0
2023-04-11,0.0009958070170100843,100.0
2023-04-12,-4.135333298352082e-05,100.0
2023-04-13,-0.0041434563234613855,100.0
2023-04-14,0.013175510497831548,100.0
2023-04-17,-0.0020715175845779886,100.0
2023-04-18,0.0033007035826147536,100.0
2023-04-19,0.0008548548034659753,100.0
2023-04-20,-8.426554793962826e-05,100.0
2023-04-21,-0.005970335188311131,100.0
2023-04-24,0.0009027812573008861,100.0
2023-04-25,0.0008512167782723126,100.0
2023-04-26,-0.01593718381857645,100.0
2023-04-27,-0.0038485835033448754,100.0
2023-04-28,0.019377193402696356,100.0
2023-05-01,0.008219331313243467,100.0
2023-05-02,-0.0003861810485107871,100.0
2023-05-03,-0.011653906680571788,100.0
2023-05-04,-0.007022908054892971,100.0
2023-05-05,-0.007244913455062742,100.0
2023-05-08,0.018306166381879797,100.0
2023-05-09,0.0004520264848820656,100.0
2023-05-10,-0.004589938949059595,100.0
2023-05-11,0.004473942241914432,100.0
2023-05-12,-0.0016980648897067581,100.0
2023-05-15,-0.0015845615894390477,100.0
2023-05-16,0.002953797680316935,100.0
2023-05-17,-0.006398107681917463,100.0
2023-05-18,0.011820688622071574,100.0
2023-05-19,0.009400723063727155,100.0
2023-05-22,-0.0014469138806754414,100.0
2023-05-23,0.00015502267980239146,100.0
2023-05-24,-0.011285468768284297,100.0
2023-05-25,-0.007345512678305211,100.0
2023-05-26,0.008719456079011883,100.0
2023-05-29,,100.0
2023-05-30,0.012964680931640788,100.0
2023-05-31,1.660313066576836e-05,100.0
2023-06-01,-0.006127358186214099,100.0
2023-06-02,0.009806215085853812,100.0
2023-06-05,0.014429812390107408,100.0
2023-06-06,-0.002005591490657713,100.0
2023-06-07,0.002351130233850576,100.0
2023-06-08,-0.003819293926420617,100.0
2023-06-09,0.00616957160752325,100.0
2023-06-12,0.0011474010230505239,100.0
2023-06-13,0.00927797498175416,100.0
2023-06-14,0.006908570725908897,100.0
2023-06-15,0.0008190899801265841,100.0
2023-06-16,0.012104580493589997,100.0
2023-06-19,,100.0
2023-06-20,-0.0036783764677510893,100.0
2023-06-21,-0.004746353835236048,100.0
2023-06-22,-0.005259086366925201,100.0
2023-06-23,0.0037039303873345254,100.0
2023-06-26,-0.007688288056502158,100.0
2023-06-27,-0.004496934363132171,100.0
2023-06-28,0.01139073352418076,100.0
2023-06-29,-0.0003541393883898215,100.0
2023-06-30,0.00446356811449,100.0
2023-07-03,0.0121943502618858,100.0
2023-07-04,,100.0
2023-07-05,0.0011699930926736418,100.0
2023-07-06,-0.0019702580976127164,100.0
2023-07-07,-0.007954061175894762,100.0
2023-07-10,-0.002869212795733482,100.0
2023-07-11,0.002402138610626312,100.0
2023-07-12,0.006719583998254874,100.0
2023-07-13,0.007383905235389679,100.0
2023-07-14,0.008434482989627111,100.0
2023-07-17,-0.001024932196907484,100.0
2023-07-18,0.0038479695744204137,100.0
2023-07-19,0.007092066941428338,100.0
2023-07-20,0.002355134827233639,100.0
2023-07-21,-0.006779827396257691,100.0
2023-07-24,0.0003240420146130911,100.0
2023-07-25,0.004026038496874852,100.0
2023-07-26,0.0028107195758387046,100.0
2023-07-27,-0.00015545097867591856,100.0
2023-07-28,-0.006445393055197076,100.0
2023-07-31,0.009829375810433848,100.0
2023-08-01,0.0014676354365687912,100.0
2023-08-02,-0.0026686453076827116,100.0
2023-08-03,-0.013936200638336184,100.0
2023-08-04,-0.0025512254502915274,100.0
2023-08-07,-0.0053141693739379705,100.0
2023-08-08,0.008983618964856572,100.0
2023-08-09,-0.004227205100058866,100.0
2023-08-10,-0.007063619102045116,100.0
2023-08-11,0.00025068252108086326,100.0
2023-08-14,-0.0010702648992294865,100.0
2023-08-15,0.005734004879419051,100.0
2023-08-16,-0.011618139396096483,100.0
2023-08-17,-0.007584081792624527,100.0
2023-08-18,-0.0077428113775290805,100.0
2023-08-21,-0.00014871788395720285,100.0
2023-08-22,0.006855634859799785,100.0
2023-08-23,-0.0027813310465456837,100.0
2023-08-24,0.010984330710791359,100.0
2023-08-25,-0.01354935398400801,100.0
2023-08-28,0.006695501060295156,100.0
2023-08-29,0.006245078594196461,100.0
2023-08-30,0.014404068712056505,100.0
2023-08-31,0.003825854181192944,100.0
2023-09-01,-0.0015982129743398576,100.0
2023-09-04,,100.0
2023-09-05,0.001797512765518541,100.0
2023-09-06,-0.004202997821381205,100.0
2023-09-07,-0.006996014491432261,100.0
2023-09-08,-0.003216433115732967,100.0
2023-09-11,0.0014256060622570594,100.0
2023-09-12,0.006700951498135517,100.0
2023-09-13,-0.005712169023003997,100.0
2023-09-14,0.0012408621175346041,100.0
2023-09-15,0.00839458553366625,100.0
2023-09-18,-0.012234145842493929,100.0
2023-09-19,0.0007210276941755188,100.0
2023-09-20,-0.0021533273615331264,100.0
2023-09-21,-0.009439204206291041,100.0
2023-09-22,-0.016536918318488084,100.0
2023-09-25,-0.0022982374027607495,100.0
2023-09-26,0.0040149942038066174,100.0
2023-09-27,-0.014844165482264943,100.0
2023-09-28,0.00022928777229479233,100.0
2023-09-29,0.005875877143000698,100.0
2023-10-02,-0.002713259648289315,100.0
2023-10-03,7.936440615299324e-05,100.0
2023-10-04,-0.013839395863449198,100.0
2023-10-05,0.008077047607828946,100.0
2023-10-06,-0.0013048811469951228,100.0
2023-10-09,0.011745642093961117,100.0
2023-10-10,0.006284068119387409,100.0
2023-10-11,0.005194476099985354,100.0
2023-10-12,0.004283819500095073,100.0
2023-10-13,-0.006266024940654918,100.0
2023-10-16,-0.005031495660219892,100.0
2023-10-17,0.010538642302589985,100.0
2023-10-18,-9.824987944376507e-05,100.0
2023-10-19,-0.013490408251151898,100.0
2023-10-20,-0.008519032328057976,100.0
2023-10-23,-0.012665149196155915,100.0
2023-10-24,-0.0016869920654349177,100.0
2023-10-25,0.0072395235196288195,100.0
2023-10-26,-0.014443434657238052,100.0
2023-10-27,-0.011903081205584871,100.0
2023-10-30,-0.00481183857862075,100.0
2023-10-31,0.011938474300285915,100.0
2023-11-01,0.006454084821688244,100.0
2023-11-02,0.010451194990191868,100.0
2023-11-03,0.018682938934086474,100.0
2023-11-06,0.00934988354455146,100.0
2023-11-07,0.0017514577241005862,100.0
2023-11-08,0.0028360934017119537,100.0
2023-11-09,0.0010044110324198868,100.0
2023-11-10,-0.008116690699068705,100.0
2023-11-13,0.015495759270772258,100.0
2023-11-14,-0.0008361884413700847,100.0
2023-11-15,0.01889537047457725,100.0
2023-11-16,0.0015957382078471765,100.0
2023-11-17,0.0011897193967137305,100.0
2023-11-20,0.0012812279371779871,100.0
2023-11-21,0.007363103793795633,100.0
2023-11-22,-0.002022975931757968,100.0
2023-11-23,,100.0
2023-11-24,0.004052905094313324,100.0
2023-11-27,0.0005966956096450322,100.0
2023-11-28,-0.0019560693168983586,100.0
2023-11-29,0.0009796385280502918,100.0
2023-11-30,-0.0009466966151019382,100.0
2023-12-01,0.003776931264994605,100.0
2023-12-04,0.005856558953846637,100.0
2023-12-05,-0.005423188063826943,100.0
2023-12-06,-0.0005690315939348026,100.0
2023-12-07,-0.003913851944943747,100.0
2023-12-08,0.007936610684821922,100.0
2023-12-11,0.0040871341465037936,100.0
2023-12-12,0.003916813547781492,100.0
2023-12-13,0.0045888127956924,100.0
2023-12-14,0.01355834517501981,100.0
2023-12-15,0.002643565185154432,100.0
2023-12-18,-7.625240044859478e-05,100.0
2023-12-19,0.004518122263400515,100.0
2023-12-20,0.005849267450818904,100.0
2023-12-21,-0.014793147965305628,100.0
2023-12-22,0.010248769307271876,100.0
2023-12-25,,100.0
2023-12-26,0.0016586821527610754,100.0
2023-12-27,0.004222761046978559,100.0
2023-12-28,0.0014294356164229985,100.0
2023-12-29,0.0003701061103271183,100.0
2024-01-01,,100.0
2024-01-02,-0.0028304770367338357,100.0
2024-01-03,-0.005676660799723162,100.0
2024-01-04,-0.008048618327197648,100.0
2024-01-05,-0.003434271663317429,100.0
2024-01-08,0.0018240216394339805,100.0
2024-01-09,0.014015945436353141,100.0
2024-01-10,-0.0014789938523175842,100.0
2024-01-11,0.005649980650495912,100.0
2024-01-12,-0.0006712808369611647,100.0
2024-01-15,,100.0
2024-01-16,0.0007506937530339595,100.0
2024-01-17,-0.0037383190523568345,100.0
2024-01-18,-0.005632731271107821,100.0
2024-01-19,0.008766720726243148,100.0
2024-01-22,0.012238308232548512,100.0
2024-01-23,0.0021919211872316853,100.0
2024-01-24,0.002917115340764486,100.0
2024-01-25,0.0008115989762168653,100.0
2024-01-26,0.00524657813497798,100.0
2024-01-29,-0.0006519977554263648,100.0
2024-01-30,0.007528365505246204,100.0
2024-01-31,-0.0006008303969786162,100.0
2024-02-01,-0.016236851740733683,100.0
2024-02-02,0.012416286114049784,100.0
2024-02-05,0.01062777072263312,100.0
2024-02-06,-0.0031914247092839714,100.0
2024-02-07,0.0023077459317481074,100.0
2024-02-08,0.008207682594008628,100.0
2024-02-09,0.000570420540090595,100.0
2024-02-12,0.0057259171287955156,100.0
2024-02-13,-0.0009494041426524416,100.0
2024-02-14,-0.013768609419845444,100.0
2024-02-15,0.009534168304216807,100.0
2024-02-16,0.00580437267404004,100.0
2024-02-19,,100.0
2024-02-20,-0.0048150435759610425,100.0
2024-02-21,-0.0060234264658172495,100.0
2024-02-22,0.0012634014951035982,100.0
2024-02-23,0.02090288866640342,100.0
2024-02-26,0.000347887026502183,100.0
2024-02-27,-0.003793939244668484,100.0
2024-02-28,0.001704895538720964,100.0
2024-02-29,-0.001659531321112244,100.0
2024-03-01,0.0052154704557999644,100.0
2024-03-04,0.007975936433387976,100.0
2024-03-05,-0.0011939745749630112,100.0
2024-03-06,-0.010245406275917994,100.0
2024-03-07,0.005127932853001643,100.0
2024-03-08,0.010251402284983627,100.0
2024-03-11,-0.006549922992050337,100.0
2024-03-12,-0.0011228682680281005,100.0
2024-03-13,0.011139512586668012,100.0
2024-03-14,-0.0019263840021219723,100.0
2024-03-15,-0.002875221051495188,100.0
2024-03-18,-0.0065040228597376655,100.0
2024-03-19,0.006298184238480456,100.0
2024-03-20,0.00563325304434312,100.0
2024-03-21,0.008864765516360184,100.0
2024-03-22,0.003231309094528888,100.0
2024-03-25,-0.0014031718343267125,100.0
2024-03-26,-0.0030596403820319297,100.0
2024-03-27,-0.002803721982805726,100.0
2024-03-28,0.008593595582706042,100.0
2024-03-29,,100.0
2024-04-01,0.0011158627007616052,100.0
2024-04-02,-0.0020156145269577246,100.0
2024-04-03,-0.007265388203672426,100.0
2024-04-04,0.001090527523337898,100.0
2024-04-05,-0.01241103561926225,100.0
2024-04-08,0.011038050135699558,100.0
2024-04-09,-0.0003747011900415767,100.0
2024-04-10,0.0014444494736345207,100.0
2024-04-11,-0.009501981832212592,100.0
2024-04-12,0.007417221983342437,100.0
2024-04-15,-0.014657587802248536,100.0
2024-04-16,-0.012094195787459195,100.0
2024-04-17,-0.0020586245275039964,100.0
2024-04-18,-0.005797375076004185,100.0
2024-04-19,-0.0022106017004853043,100.0
2024-04-22,-0.008797129654056974,100.0
2024-04-23,0.00869335115683908,100.0
2024-04-24,0.01189356656772209,100.0
2024-04-25,0.00021298737793290078,100.0
2024-04-26,-0.0045869342701194095,100.0
2024-04-29,0.010157381332325343,100.0
2024-04-30,0.0031734080766393944,100.0
2024-05-01,-0.015855551118928123,100.0
2024-05-02,-0.0034413534856316866,100.0
2024-05-03,0.009087024725084856,100.0
2024-05-06,0.012478557659508005,100.0
2024-05-07,0.010273173691247842,100.0
2024-05-08,0.0013425282288256131,100.0
2024-05-09,-5.835635193424912e-06,100.0
2024-05-10,0.005078032639106711,100.0
2024-05-13,0.001648040080166728,100.0
2024-05-14,-0.00024133317386520824,100.0
2024-05-15,0.004826148527454041,100.0
2024-05-16,0.01164782778729962,100.0
2024-05-17,-0.0020838374740880464,100.0
2024-05-20,0.0011640956878937513,100.0
2024-05-21,0.0009159703084911664,100.0
2024-05-22,0.0024987497668926086,100.0
2024-05-23,-0.0027097912093521476,100.0
2024-05-24,-0.007408162283471933,100.0
2024-05-27,,100.0
2024-05-28,0.0069766490766732595,100.0
2024-05-29,0.00024877090688591537,100.0
2024-05-30,-0.007394317215742535,100.0
2024-05-31,-0.005992957535754186,100.0
2024-06-03,0.007995824231928897,100.0
2024-06-04,0.0011154602235352391,100.0
2024-06-05,0.0015016810037827531,100.0
2024-06-06,0.011778015849957281,100.0
2024-06-07,-0.00019983660163685183,100.0
2024-06-10,-0.0011158420502790662,100.0
2024-06-11,0.002577529978240972,100.0
2024-06-12,0.0027067148552095224,100.0
2024-06-13,0.008467720241887338,100.0
2024-06-14,0.00234191143711672,100.0
2024-06-17,-0.00039393828099749413,100.0
2024-06-18,0.007635164372320518,100.0
2024-06-19,,100.0
2024-06-20,0.0025181541815171163,100.0
2024-06-21,-0.0025291273954115403,100.0
2024-06-24,-0.0015633517188252497,100.0
2024-06-25,-0.0030698791558664423,100.0
2024-06-26,0.003925873679181344,100.0
2024-06-27,0.0015711962247204525,100.0
2024-06-28,0.0009069098567990731,100.0
2024-07-01,-0.0040920134623695995,100.0
2024-07-02,0.0026719909814295235,100.0
2024-07-03,0.0061762057711850496,100.0
2024-07-04,,100.0
2024-07-05,0.0050715622695336636,100.0
2024-07-08,0.00543397436096954,100.0
2024-07-09,0.0010161824764044329,100.0
2024-07-10,0.0007407974780654752,100.0
2024-07-11,0.010156314878105886,100.0
2024-07-12,-0.008801649969266724,100.0
2024-07-15,0.00550186402496512,100.0
2024-07-16,0.0028222164233526843,100.0
2024-07-17,0.0063690499714532745,100.0
2024-07-18,-0.014025441523645543,100.0
2024-07-19,-0.007847112145350072,100.0
2024-07-22,-0.007165879226406085,100.0
2024-07-23,0.010734217246220293,100.0
2024-07-24,-0.0015593176939461904,100.0
2024-07-25,-0.02342124222289286,100.0
2024-07-26,-0.005155889019717259,100.0
2024-07-29,0.011029420409570924,100.0
2024-07-30,0.0008129795718284517,100.0
2024-07-31,-0.0049725143613676215,100.0
2024-08-01,0.015669980701917767,100.0
2024-08-02,-0.013788123791990166,100.0
2024-08-05,-0.01855290660855327,100.0
2024-08-06,-0.0304270413923931,100.0
2024-08-07,0.010300849493599515,100.0
2024-08-08,-0.007764715388769489,100.0
2024-08-09,0.02278113959089888,100.0
2024-08-12,0.004660798434381699,100.0
2024-08-13,4.30330517200971e-05,100.0
2024-08-14,0.016707233419049988,100.0
2024-08-15,0.00381643656119841,100.0
2024-08-16,0.01600448993130413,100.0
2024-08-19,0.0019878023683961516,100.0
2024-08-20,0.009675327436177775,100.0
2024-08-21,-0.001986527237609709,100.0
2024-08-22,0.004230714721006796,100.0
2024-08-23,-0.00897294225665722,100.0
2024-08-26,0.01141793740166443,100.0
2024-08-27,-0.0031587101696058145,100.0
2024-08-28,0.0015939251127232035,100.0
2024-08-29,-0.005993900794735212,100.0
2024-08-30,-3.937984343658622e-05,100.0
2024-09-02,,100.0
2024-09-03,0.010042457079144168,100.0
2024-09-04,-0.021377963372397696,100.0
2024-09-05,-0.0016038290273809634,100.0
2024-09-06,-0.003022581014674196,100.0
2024-09-09,-0.017410944507424406,100.0
2024-09-10,0.011513534435818254,100.0
2024-09-11,0.004462699977793541,100.0
2024-09-12,0.01060855564984334,100.0
2024-09-13,0.00746735215680267,100.0
2024-09-16,0.0053931422343560355,100.0
2024-09-17,0.0012558408673102855,100.0
2024-09-18,0.00026451509389645083,100.0
2024-09-19,-0.0029006587083132912,100.0
2024-09-20,0.016834356892725128,100.0
2024-09-23,-0.0019429136300157343,100.0
2024-09-24,0.0028053344257131223,100.0
2024-09-25,0.002508031103345345,100.0
2024-09-26,-0.001862983206212128,100.0
2024-09-27,0.004030542158199222,100.0
2024-09-30,-0.0012540029000721238,100.0
2024-10-01,0.004227603658441509,100.0
2024-10-02,-0.009367848694454447,100.0
2024-10-03,0.00013838132698647728,100.0
2024-10-04,-0.0016828286544586894,100.0
2024-10-07,0.008930255699186382,100.0
2024-10-08,-0.009632263829388773,100.0
2024-10-09,0.009642706804694385,100.0
2024-10-10,0.007088231016994585,100.0
2024-10-11,-0.0020722685059824846,100.0
2024-10-14,0.00603360870729872,100.0
2024-10-15,0.007678114574594323,100.0
2024-10-16,-0.0076385660375134215,100.0
2024-10-17,0.004668232782779766,100.0
2024-10-18,-0.00017117512853816633,100.0
2024-10-21,0.003963686942774387,100.0
2024-10-22,-0.001824432756419033,100.0
2024-10-23,-0.0004749666671957937,100.0
2024-10-24,-0.009233824267679564,100.0
2024-10-25,0.0021434731305568283,100.0
2024-10-28,-0.00029949201318627087,100.0
2024-10-29,0.002647934626732945,100.0
2024-10-30,0.0016128259449012198,100.0
2024-10-31,-0.0033056916724881185,100.0
2024-11-01,-0.018790134928745348,100.0
2024-11-04,0.004084158004525459,100.0
2024-11-05,-0.0028160448131902913,100.0
2024-11-06,0.012191031029563081,100.0
2024-11-07,0.024981280957186654,100.0
2024-11-08,0.007403754173995657,100.0
2024-11-11,0.0037497940357180464,100.0
2024-11-12,0.0009685941909569238,100.0
2024-11-13,-0.0028968514769364996,100.0
2024-11-14,0.00023220076414018386,100.0
2024-11-15,-0.006068108582244,100.0
2024-11-18,-0.013291430866793769,100.0
2024-11-19,0.003910159746206537,100.0
2024-11-20,0.003955750520596487,100.0
2024-11-21,2.19506213354446e-05,100.0
2024-11-22,0.005326251844288491,100.0
2024-11-25,0.0034619595915364653,100.0
2024-11-26,0.0030159278201245415,100.0
2024-11-27,0.005705697155263866,100.0
2024-11-28,,100.0
2024-11-29,-0.003808481083577712,100.0
2024-12-02,0.005592120396801623,100.0
2024-12-03,0.0024454638805813736,100.0
2024-12-04,0.0004513472420221813,100.0
2024-12-05,0.00603318162813612,100.0
2024-12-06,-0.0018715258393823342,100.0
2024-12-09,0.0024923453675383123,100.0
2024-12-10,-0.006163167285227462,100.0
2024-12-11,-0.002968284314279252,100.0
2024-12-12,0.008132626411368235,100.0
2024-12-13,-0.005428731461463251,100.0
2024-12-16,-2.646698937187397e-05,100.0
2024-12-17,0.0037921550087844295,100.0
2024-12-18,-0.0038714794806554956,100.0
2024-12-19,-0.02993650530451818,100.0
2024-12-20,-0.0008654867505367934,100.0
2024-12-23,0.010810479402397299,100.0
2024-12-24,0.007260849585616372,100.0
2024-12-25,,100.0
2024-12-26,0.010982233165126825,100.0
2024-12-27,-0.0004057410882578191,100.0
2024-12-30,-0.01111730496491221,100.0
2024-12-31,-0.010759673941729728,100.0
2025-01-01,,100.0
2025-01-02,-0.0042940064589823065,100.0
2025-01-03,-0.002226363149448992,100.0
2025-01-06,0.01251735670782609,100.0
2025-01-07,0.005522766496818171,100.0
2025-01-08,-0.011166021516637011,100.0
2025-01-09,,100.0
2025-01-10,0.0015591440938312422,100.0
2025-01-13,-0.015531637650233373,100.0
2025-01-14,0.0015742043780551176,100.0
2025-01-15,0.001145623334164268,100.0
2025-01-16,0.018147132504516373,100.0
2025-01-17,-0.0021149243408667613,100.0
2025-01-20,,100.0
2025-01-21,0.009941478308394033,100.0
2025-01-22,0.00873000944059605,100.0
2025-01-23,0.006119181086994129,100.0
2025-01-24,0.005299419459529372,100.0
2025-01-27,-0.002859215984467759,100.0
2025-01-28,-0.014688059032112328,100.0
2025-01-29,0.009175644177716802,100.0
2025-01-30,-0.004689876056919602,100.0
2025-01-31,0.005261548152180238,100.0
2025-02-03,-0.005059603990267195,100.0
2025-02-04,-0.007637690729495203,100.0
2025-02-05,0.007198907403029114,100.0
2025-02-06,0.003901053915613614,100.0
2025-02-07,0.003637674355266266,100.0
2025-02-10,-0.0095098456936602,100.0
2025-02-11,0.006690112295455172,100.0
2025-02-12,0.00033952514367385523,100.0
2025-02-13,-0.0027275831896475754,100.0
2025-02-14,0.010372313214235747,100.0
2025-02-17,,100.0
2025-02-18,-7.19463955744955e-05,100.0
2025-02-19,0.002442003655551809,100.0
2025-02-20,0.0023741488668242434,100.0
2025-02-21,-0.004343604884290259,100.0
2025-02-24,-0.017211396672539132,100.0
2025-02-25,-0.004981493566252351,100.0
2025-02-26,-0.004690715138395557,100.0
2025-02-27,0.00013601502958346571,100.0
2025-02-28,-0.015991742678524653,100.0
2025-03-03,0.015729780420663385,100.0
2025-03-04,-0.017753402648308866,100.0
2025-03-05,-0.012310288231505477,100.0
2025-03-06,0.011097472528735688,100.0
2025-03-07,-0.017979677107455568,100.0
2025-03-10,0.005505435045454467,100.0
2025-03-11,-0.027343541788428148,100.0
2025-03-12,-0.007596646918536578,100.0
2025-03-13,0.004874967940490777,100.0
2025-03-14,-0.013988366806464148,100.0
2025-03-17,0.02104290595319694,100.0
2025-03-18,0.0063956349746060355,100.0
2025-03-19,-0.010710667074319702,100.0
2025-03-20,0.010740608172953766,100.0
2025-03-21,-0.002187283513782985,100.0
2025-03-24,0.0008243136078323211,100.0
2025-03-25,0.01749211712863917,100.0
2025-03-26,0.0015730954906538206,100.0
2025-03-27,-0.011219640357598032,100.0
2025-03-28,-0.0033124610071321114,100.0
2025-03-31,-0.019934601126853548,100.0
2025-04-01,0.005523240357645722,100.0
2025-04-02,0.0037741045552120668,100.0
2025-04-03,0.006705661429484109,100.0
2025-04-04,-0.04960591182899663,100.0
2025-04-07,-0.061609061898230934,100.0
2025-04-08,-0.0023341946059635883,100.0
2025-04-09,-0.015825083277054855,100.0
2025-04-10,0.09089487983303646,100.0
2025-04-11,-0.03522060702411168,100.0
2025-04-14,0.01793038083577807,100.0
2025-04-15,0.007913319326342991,100.0
2025-04-16,-0.001729275225300909,100.0
2025-04-17,-0.022663253964902527,100.0
2025-04-18,,100.0
2025-04-21,0.0013259586237727749,100.0
2025-04-22,-0.02384964833401801,100.0
2025-04-23,0.02480695212545062,100.0
2025-04-24,0.016523864366879457,100.0
2025-04-25,0.020056628082583162,100.0
2025-04-28,0.0073460847957005125,100.0
2025-04-29,0.0006405015390019333,100.0
2025-04-30,0.005785641545556399,100.0
2025-05-01,0.0014788972519335208,100.0
2025-05-02,0.006279345716451974,100.0
2025-05-05,0.014619191109112719,100.0
2025-05-06,-0.006402047029318447,100.0
2025-05-07,-0.007722985278391797,100.0
2025-05-08,0.004336938106710132,100.0
2025-05-09,0.005783021147465641,100.0
2025-05-12,-0.0007117341348763632,100.0
2025-05-13,0.03203997667702081,100.0
2025-05-14,0.007222059020245977,100.0
2025-05-15,0.001023891242276054,100.0
2025-05-16,0.004123817438757677,100.0
2025-05-19,0.006980849368100189,100.0
2025-05-20,0.0008757295660482738,100.0
2025-05-21,-0.0038877770695725784,100.0
2025-05-22,-0.016266719267758897,100.0
2025-05-23,-0.0004449700224211693,100.0
2025-05-26,,100.0
2025-05-27,-0.006730899591473139,100.0
2025-05-28,0.02025258080218437,100.0
2025-05-29,-0.005586802576444734,100.0
2025-05-30,0.0040031708706317415,100.0
2025-06-02,-8.118845699520562e-05,100.0
2025-06-03,0.004093651490626028,100.0
2025-06-04,0.005783533535368979,100.0
2025-06-05,7.368474471916267e-05,100.0
2025-06-06,-0.005291357978698112,100.0
2025-06-09,0.010228196215376713,100.0
2025-06-10,0.0009195251863913659,100.0
2025-06-11,0.005468012541646841,100.0
2025-06-12,-0.002747660318287345,100.0
2025-06-13,0.0038151330716763875,100.0
2025-06-16,-0.01136066859010289,100.0
2025-06-17,0.0093488231481891,100.0
2025-06-18,-0.008387259723643134,100.0
2025-06-19,,100.0
2025-06-20,-0.00030928803472058796,100.0
2025-06-23,-0.002181035215587759,100.0
2025-06-24,0.009560655071259439,100.0
2025-06-25,0.011060328616958607,100.0
2025-06-26,-3.286108349665331e-06,100.0
2025-06-27,0.007988131032516797,100.0
2025-06-30,0.005205399256150098,100.0
2025-07-01,0.005151137506128882,100.0
2025-07-02,-0.0011191571098791433,100.0
2025-07-03,0.0047338743064907745,100.0
2025-07-04,,100.0
2025-07-07,0.00830437821066394,100.0
2025-07-08,-0.007893368104244017,100.0
2025-07-09,-0.0007161432504695748,100.0
2025-07-10,0.00604380277677969,100.0
2025-07-11,0.0027424410729257912,100.0
2025-07-14,-0.0033029717732258423,100.0
2025-07-15,0.0014064243309367943,100.0
2025-07-16,-0.003964145065672561,100.0
2025-07-17,0.0031885685253844154,100.0
2025-07-18,0.005359380240011013,100.0
2025-07-21,-9.049030280841674e-05,100.0
2025-07-22,0.001398157005673256,100.0
2025-07-23,0.0006373284966667569,100.0
2025-07-24,0.007781532145702873,100.0
2025-07-25,0.0006979799969332514,100.0
2025-07-28,0.003966451001680552,100.0
2025-07-29,0.00017684247126657597,100.0
2025-07-30,-0.002963830197466829,100.0
2025-07-31,-0.0012502139385094711,100.0
2025-08-01,-0.003701662046374567,100.0
2025-08-04,-0.0161213871855698,100.0
2025-08-05,0.014629564491414495,100.0
2025-08-06,-0.004869703780462017,100.0
2025-08-07,0.007255522219852605,100.0
2025-08-08,-0.0007977981718278668,100.0
2025-08-11,0.0077694548163894745,100.0
2025-08-12,-0.0025072683938851073,100.0
2025-08-13,0.011281559075170764,100.0
2025-08-14,0.0032248733840464015,100.0
2025-08-15,0.00030304487855445177,100.0
2025-08-18,-0.0029013399163647113,100.0
2025-08-19,-0.00010076825773579619,100.0
2025-08-20,-0.005875329112207127,100.0
2025-08-21,-0.002434630632264957,100.0
2025-08-22,-0.004012219728951123,100.0
2025-08-25,0.015072285158779139,100.0
2025-08-26,-0.004275512539646319,100.0
2025-08-27,0.00412547371011636,100.0
2025-08-28,0.0023881304533030262,100.0
2025-08-29,0.003151747441466755,100.0
2025-09-01,,100.0
2025-09-02,-0.006418740402792551,100.0
2025-09-03,-0.006946350061030363,100.0
2025-09-04,0.005087112302941308,100.0
2025-09-05,0.008311847102873571,100.0
2025-09-08,-0.00317017266993674,100.0
2025-09-09,0.0021037644508885675,100.0
2025-09-10,0.0026845470300734414,100.0
2025-09-11,0.0029790282293981275,100.0
2025-09-12,0.008450087623093565,100.0
2025-09-15,-0.00048287788142832935,100.0
2025-09-16,0.004695577726559718,100.0
2025-09-17,-0.0012887604333313247,100.0
2025-09-18,-0.0009706390782443865,100.0
2025-09-19,0.004777687836708263,100.0
2025-09-22,0.004873523937481177,100.0
2025-09-23,0.004400350714762291,100.0
2025-09-24,-0.005517351828739721,100.0
2025-09-25,-0.0028506771652953692,100.0
2025-09-26,-0.005021648742526333,100.0
2025-09-29,0.005884489130413512,100.0
2025-09-30,0.002632077259912619,100.0
2025-10-01,0.004082503613507919,100.0
2025-10-02,0.0033941541712235066,100.0
2025-10-03,0.0006181636213842448,100.0
2025-10-06,6.55106568658717e-05,100.0
2025-10-07,0.003639959282762629,100.0
2025-10-08,-0.003818687706853079,100.0
2025-10-09,0.005810748494187323,100.0
2025-10-10,-0.0027593739802789824,100.0
2025-10-13,-0.027485975439899807,100.0
2025-10-14,0.015478263036934031,100.0
2025-10-15,-0.00156555149694257,100.0
2025-10-16,0.004017918503427979,100.0
2025-10-17,-0.006314280275141975,100.0
2025-10-20,0.0052568739445263,100.0
2025-10-21,0.010615724136144117,100.0
2025-10-22,3.269591641698797e-05,100.0
2025-10-23,-0.005351834774743029,100.0
2025-10-24,0.0058104798620133855,100.0
2025-10-27,0.007871361975244856,100.0
2025-10-28,0.012215141327379352,100.0
2025-10-29,0.0022853305022299255,100.0
2025-10-30,-4.3579204733175357e-05,100.0
2025-10-31,-0.009954191424534511,100.0
2025-11-03,0.0026145009178832708,100.0
2025-11-04,0.0017192339969181521,100.0
2025-11-05,-0.011806250392326715,100.0
2025-11-06,0.0036468976756877185,100.0
2025-11-07,-0.011241134514722728,100.0
2025-11-10,0.0012610463474931072,100.0
2025-11-11,0.015283626703501816,100.0
2025-11-12,0.0020731999523923177,100.0
2025-11-13,0.0006293191259445972,100.0
2025-11-14,-0.01669545163092778,100.0
2025-11-17,-0.0005018514712717733,100.0
2025-11-18,-0.009204497894305158,100.0
2025-11-19,-0.008290709844169318,100.0
2025-11-20,0.00374680773726533,100.0
2025-11-21,-0.01568972611631523,100.0
2025-11-24,0.009775103041592069,100.0
2025-11-25,0.015348818899081837,100.0
2025-11-26,0.009020886000832944,100.0
2025-11-27,,100.0
2025-11-28,0.006882969436149685,100.0
2025-12-01,0.005340487341137372,100.0
2025-12-02,-0.005337548746055966,100.0
2025-12-03,0.002454221195936617,100.0
2025-12-04,0.0029753605210852863,100.0
2025-12-05,0.001079738711974404,100.0
2025-12-08,0.0019347688846794776,100.0
2025-12-09,-0.0034833153316476935,100.0
2025-12-10,-0.0008767431610132386,100.0
2025-12-11,0.006726880659139976,100.0
2025-12-12,0.00207719198371703,100.0
2025-12-15,-0.010720913458554537,100.0
2025-12-16,-0.0015978388918367072,100.0
2025-12-17,-0.00238676400843967,100.0
2025-12-18,-0.01165985661137129,100.0
2025-12-19,0.007902951520479156,100.0
2025-12-22,0.008779407421828872,100.0
2025-12-23,0.006415870575561936,100.0
2025-12-24,0.004540067046788208,100.0
2025-12-25,,100.0
2025-12-26,0.003216304344700708,100.0
2025-12-29,-0.00030440987710828846,100.0
2025-12-30,-0.003498162923937312,100.0
2025-12-31,,100.0
