Date,stock market,S&P 500,invest stocks,market crash,bull market
2016-01-04,58,44,70,41,53
2016-01-05,58,44,70,41,53
2016-01-06,58,44,70,41,53
2016-01-07,58,44,70,41,53
2016-01-08,58,44,70,41,53
2016-01-11,71,77,53,47,31
2016-01-12,71,77,53,47,31
2016-01-13,71,77,53,47,31
2016-01-14,71,77,53,47,31
2016-01-15,71,77,53,47,31
2016-01-19,48,41,71,59,61
2016-01-20,48,41,71,59,61
2016-01-21,48,41,71,59,61
2016-01-22,48,41,71,59,61
2016-01-25,34,77,76,68,28
2016-01-26,34,77,76,68,28
2016-01-27,34,77,76,68,28
2016-01-28,34,77,76,68,28
2016-01-29,34,77,76,68,28
2016-02-01,62,77,57,26,34
2016-02-02,62,77,57,26,34
2016-02-03,62,77,57,26,34
2016-02-04,62,77,57,26,34
2016-02-05,62,77,57,26,34
2016-02-08,27,41,52,20,59
2016-02-09,27,41,52,20,59
2016-02-10,27,41,52,20,59
2016-02-11,27,41,52,20,59
2016-02-12,27,41,52,20,59
2016-02-16,40,68,43,51,44
2016-02-17,40,68,43,51,44
2016-02-18,40,68,43,51,44
2016-02-19,40,68,43,51,44
2016-02-22,58,71,34,32,24
2016-02-23,58,71,34,32,24
2016-02-24,58,71,34,32,24
2016-02-25,58,71,34,32,24
2016-02-26,58,71,34,32,24
2016-02-29,77,61,79,49,30
2016-03-01,77,61,79,49,30
2016-03-02,77,61,79,49,30
2016-03-03,77,61,79,49,30
2016-03-04,77,61,79,49,30
2016-03-07,38,25,49,42,78
2016-03-08,38,25,49,42,78
2016-03-09,38,25,49,42,78
2016-03-10,38,25,49,42,78
2016-03-11,38,25,49,42,78
2016-03-14,42,34,74,70,53
2016-03-15,42,34,74,70,53
2016-03-16,42,34,74,70,53
2016-03-17,42,34,74,70,53
2016-03-18,42,34,74,70,53
2016-03-21,30,73,61,78,43
2016-03-22,30,73,61,78,43
2016-03-23,30,73,61,78,43
2016-03-24,30,73,61,78,43
2016-03-28,30,62,70,75,79
2016-03-29,30,62,70,75,79
2016-03-30,30,62,70,75,79
2016-03-31,30,62,70,75,79
2016-04-01,30,62,70,75,79
2016-04-04,43,79,36,38,34
2016-04-05,43,79,36,38,34
2016-04-06,43,79,36,38,34
2016-04-07,43,79,36,38,34
2016-04-08,43,79,36,38,34
2016-04-11,72,56,24,51,57
2016-04-12,72,56,24,51,57
2016-04-13,72,56,24,51,57
2016-04-14,72,56,24,51,57
2016-04-15,72,56,24,51,57
2016-04-18,55,52,48,49,27
2016-04-19,55,52,48,49,27
2016-04-20,55,52,48,49,27
2016-04-21,55,52,48,49,27
2016-04-22,55,52,48,49,27
2016-04-25,59,27,23,48,78
2016-04-26,59,27,23,48,78
2016-04-27,59,27,23,48,78
2016-04-28,59,27,23,48,78
2016-04-29,59,27,23,48,78
2016-05-02,43,72,29,68,24
2016-05-03,43,72,29,68,24
2016-05-04,43,72,29,68,24
2016-05-05,43,72,29,68,24
2016-05-06,43,72,29,68,24
2016-05-09,22,79,75,64,67
2016-05-10,22,79,75,64,67
2016-05-11,22,79,75,64,67
2016-05-12,22,79,75,64,67
2016-05-13,22,79,75,64,67
2016-05-16,41,63,36,48,45
2016-05-17,41,63,36,48,45
2016-05-18,41,63,36,48,45
2016-05-19,41,63,36,48,45
2016-05-20,41,63,36,48,45
2016-05-23,72,63,29,49,37
2016-05-24,72,63,29,49,37
2016-05-25,72,63,29,49,37
2016-05-26,72,63,29,49,37
2016-05-27,72,63,29,49,37
2016-05-31,21,24,36,35,25
2016-06-01,21,24,36,35,25
2016-06-02,21,24,36,35,25
2016-06-03,21,24,36,35,25
2016-06-06,43,58,79,59,56
2016-06-07,43,58,79,59,56
2016-06-08,43,58,79,59,56
2016-06-09,43,58,79,59,56
2016-06-10,43,58,79,59,56
2016-06-13,63,23,39,38,79
2016-06-14,63,23,39,38,79
2016-06-15,63,23,39,38,79
2016-06-16,63,23,39,38,79
2016-06-17,63,23,39,38,79
2016-06-20,49,25,43,37,67
2016-06-21,49,25,43,37,67
2016-06-22,49,25,43,37,67
2016-06-23,49,25,43,37,67
2016-06-24,49,25,43,37,67
2016-06-27,57,64,24,20,32
2016-06-28,57,64,24,20,32
2016-06-29,57,64,24,20,32
2016-06-30,57,64,24,20,32
2016-07-01,57,64,24,20,32
2016-07-05,21,51,53,33,47
2016-07-06,21,51,53,33,47
2016-07-07,21,51,53,33,47
2016-07-08,21,51,53,33,47
2016-07-11,79,71,25,70,24
2016-07-12,79,71,25,70,24
2016-07-13,79,71,25,70,24
2016-07-14,79,71,25,70,24
2016-07-15,79,71,25,70,24
2016-07-18,40,49,72,66,32
2016-07-19,40,49,72,66,32
2016-07-20,40,49,72,66,32
2016-07-21,40,49,72,66,32
2016-07-22,40,49,72,66,32
2016-07-25,52,66,21,69,36
2016-07-26,52,66,21,69,36
2016-07-27,52,66,21,69,36
2016-07-28,52,66,21,69,36
2016-07-29,52,66,21,69,36
2016-08-01,31,54,32,21,69
2016-08-02,31,54,32,21,69
2016-08-03,31,54,32,21,69
2016-08-04,31,54,32,21,69
2016-08-05,31,54,32,21,69
2016-08-08,77,74,62,73,59
2016-08-09,77,74,62,73,59
2016-08-10,77,74,62,73,59
2016-08-11,77,74,62,73,59
2016-08-12,77,74,62,73,59
2016-08-15,41,59,62,47,64
2016-08-16,41,59,62,47,64
2016-08-17,41,59,62,47,64
2016-08-18,41,59,62,47,64
2016-08-19,41,59,62,47,64
2016-08-22,63,71,67,68,51
2016-08-23,63,71,67,68,51
2016-08-24,63,71,67,68,51
2016-08-25,63,71,67,68,51
2016-08-26,63,71,67,68,51
2016-08-29,44,35,30,69,48
2016-08-30,44,35,30,69,48
2016-08-31,44,35,30,69,48
2016-09-01,44,35,30,69,48
2016-09-02,44,35,30,69,48
2016-09-06,68,32,70,49,70
2016-09-07,68,32,70,49,70
2016-09-08,68,32,70,49,70
2016-09-09,68,32,70,49,70
2016-09-12,46,69,66,57,77
2016-09-13,46,69,66,57,77
2016-09-14,46,69,66,57,77
2016-09-15,46,69,66,57,77
2016-09-16,46,69,66,57,77
2016-09-19,78,79,76,70,22
2016-09-20,78,79,76,70,22
2016-09-21,78,79,76,70,22
2016-09-22,78,79,76,70,22
2016-09-23,78,79,76,70,22
2016-09-26,61,61,42,23,75
2016-09-27,61,61,42,23,75
2016-09-28,61,61,42,23,75
2016-09-29,61,61,42,23,75
2016-09-30,61,61,42,23,75
2016-10-03,47,49,74,20,59
2016-10-04,47,49,74,20,59
2016-10-05,47,49,74,20,59
2016-10-06,47,49,74,20,59
2016-10-07,47,49,74,20,59
2016-10-10,79,38,35,27,53
2016-10-11,79,38,35,27,53
2016-10-12,79,38,35,27,53
2016-10-13,79,38,35,27,53
2016-10-14,79,38,35,27,53
2016-10-17,35,36,50,48,59
2016-10-18,35,36,50,48,59
2016-10-19,35,36,50,48,59
2016-10-20,35,36,50,48,59
2016-10-21,35,36,50,48,59
2016-10-24,34,75,30,74,46
2016-10-25,34,75,30,74,46
2016-10-26,34,75,30,74,46
2016-10-27,34,75,30,74,46
2016-10-28,34,75,30,74,46
2016-10-31,66,38,73,58,32
2016-11-01,66,38,73,58,32
2016-11-02,66,38,73,58,32
2016-11-03,66,38,73,58,32
2016-11-04,66,38,73,58,32
2016-11-07,70,47,35,22,64
2016-11-08,70,47,35,22,64
2016-11-09,70,47,35,22,64
2016-11-10,70,47,35,22,64
2016-11-11,70,47,35,22,64
2016-11-14,63,77,27,51,52
2016-11-15,63,77,27,51,52
2016-11-16,63,77,27,51,52
2016-11-17,63,77,27,51,52
2016-11-18,63,77,27,51,52
2016-11-21,74,74,23,29,25
2016-11-22,74,74,23,29,25
2016-11-23,74,74,23,29,25
2016-11-25,74,74,23,29,25
2016-11-28,71,45,59,29,43
2016-11-29,71,45,59,29,43
2016-11-30,71,45,59,29,43
2016-12-01,71,45,59,29,43
2016-12-02,71,45,59,29,43
2016-12-05,76,56,23,38,38
2016-12-06,76,56,23,38,38
2016-12-07,76,56,23,38,38
2016-12-08,76,56,23,38,38
2016-12-09,76,56,23,38,38
2016-12-12,22,45,75,65,35
2016-12-13,22,45,75,65,35
2016-12-14,22,45,75,65,35
2016-12-15,22,45,75,65,35
2016-12-16,22,45,75,65,35
2016-12-19,56,72,44,53,59
2016-12-20,56,72,44,53,59
2016-12-21,56,72,44,53,59
2016-12-22,56,72,44,53,59
2016-12-23,56,72,44,53,59
2016-12-27,70,42,22,79,47
2016-12-28,70,42,22,79,47
2016-12-29,70,42,22,79,47
2016-12-30,70,42,22,79,47
2017-01-03,26,28,51,52,52
2017-01-04,26,28,51,52,52
2017-01-05,26,28,51,52,52
2017-01-06,26,28,51,52,52
2017-01-09,40,31,22,42,78
2017-01-10,40,31,22,42,78
2017-01-11,40,31,22,42,78
2017-01-12,40,31,22,42,78
2017-01-13,40,31,22,42,78
2017-01-17,28,72,46,74,78
2017-01-18,28,72,46,74,78
2017-01-19,28,72,46,74,78
2017-01-20,28,72,46,74,78
2017-01-23,58,20,48,47,67
2017-01-24,58,20,48,47,67
2017-01-25,58,20,48,47,67
2017-01-26,58,20,48,47,67
2017-01-27,58,20,48,47,67
2017-01-30,37,77,51,51,60
2017-01-31,37,77,51,51,60
2017-02-01,37,77,51,51,60
2017-02-02,37,77,51,51,60
2017-02-03,37,77,51,51,60
2017-02-06,23,77,69,69,32
2017-02-07,23,77,69,69,32
2017-02-08,23,77,69,69,32
2017-02-09,23,77,69,69,32
2017-02-10,23,77,69,69,32
2017-02-13,44,20,77,26,62
2017-02-14,44,20,77,26,62
2017-02-15,44,20,77,26,62
2017-02-16,44,20,77,26,62
2017-02-17,44,20,77,26,62
2017-02-21,79,66,70,48,64
2017-02-22,79,66,70,48,64
2017-02-23,79,66,70,48,64
2017-02-24,79,66,70,48,64
2017-02-27,33,53,38,27,44
2017-02-28,33,53,38,27,44
2017-03-01,33,53,38,27,44
2017-03-02,33,53,38,27,44
2017-03-03,33,53,38,27,44
2017-03-06,69,51,40,20,72
2017-03-07,69,51,40,20,72
2017-03-08,69,51,40,20,72
2017-03-09,69,51,40,20,72
2017-03-10,69,51,40,20,72
2017-03-13,77,73,24,76,61
2017-03-14,77,73,24,76,61
2017-03-15,77,73,24,76,61
2017-03-16,77,73,24,76,61
2017-03-17,77,73,24,76,61
2017-03-20,28,67,37,74,55
2017-03-21,28,67,37,74,55
2017-03-22,28,67,37,74,55
2017-03-23,28,67,37,74,55
2017-03-24,28,67,37,74,55
2017-03-27,45,44,47,22,46
2017-03-28,45,44,47,22,46
2017-03-29,45,44,47,22,46
2017-03-30,45,44,47,22,46
2017-03-31,45,44,47,22,46
2017-04-03,72,59,61,43,57
2017-04-04,72,59,61,43,57
2017-04-05,72,59,61,43,57
2017-04-06,72,59,61,43,57
2017-04-07,72,59,61,43,57
2017-04-10,21,64,41,42,79
2017-04-11,21,64,41,42,79
2017-04-12,21,64,41,42,79
2017-04-13,21,64,41,42,79
2017-04-17,39,72,40,78,26
2017-04-18,39,72,40,78,26
2017-04-19,39,72,40,78,26
2017-04-20,39,72,40,78,26
2017-04-21,39,72,40,78,26
2017-04-24,47,20,25,27,24
2017-04-25,47,20,25,27,24
2017-04-26,47,20,25,27,24
2017-04-27,47,20,25,27,24
2017-04-28,47,20,25,27,24
2017-05-01,66,35,20,73,62
2017-05-02,66,35,20,73,62
2017-05-03,66,35,20,73,62
2017-05-04,66,35,20,73,62
2017-05-05,66,35,20,73,62
2017-05-08,79,58,24,76,64
2017-05-09,79,58,24,76,64
2017-05-10,79,58,24,76,64
2017-05-11,79,58,24,76,64
2017-05-12,79,58,24,76,64
2017-05-15,26,24,60,66,77
2017-05-16,26,24,60,66,77
2017-05-17,26,24,60,66,77
2017-05-18,26,24,60,66,77
2017-05-19,26,24,60,66,77
2017-05-22,63,41,31,56,76
2017-05-23,63,41,31,56,76
2017-05-24,63,41,31,56,76
2017-05-25,63,41,31,56,76
2017-05-26,63,41,31,56,76
2017-05-30,27,48,45,22,70
2017-05-31,27,48,45,22,70
2017-06-01,27,48,45,22,70
2017-06-02,27,48,45,22,70
2017-06-05,66,74,65,70,50
2017-06-06,66,74,65,70,50
2017-06-07,66,74,65,70,50
2017-06-08,66,74,65,70,50
2017-06-09,66,74,65,70,50
2017-06-12,54,22,53,52,42
2017-06-13,54,22,53,52,42
2017-06-14,54,22,53,52,42
2017-06-15,54,22,53,52,42
2017-06-16,54,22,53,52,42
2017-06-19,33,31,68,47,61
2017-06-20,33,31,68,47,61
2017-06-21,33,31,68,47,61
2017-06-22,33,31,68,47,61
2017-06-23,33,31,68,47,61
2017-06-26,36,45,33,66,29
2017-06-27,36,45,33,66,29
2017-06-28,36,45,33,66,29
2017-06-29,36,45,33,66,29
2017-06-30,36,45,33,66,29
2017-07-03,55,35,45,27,51
2017-07-05,55,35,45,27,51
2017-07-06,55,35,45,27,51
2017-07-07,55,35,45,27,51
2017-07-10,69,70,64,53,62
2017-07-11,69,70,64,53,62
2017-07-12,69,70,64,53,62
2017-07-13,69,70,64,53,62
2017-07-14,69,70,64,53,62
2017-07-17,59,56,46,54,72
2017-07-18,59,56,46,54,72
2017-07-19,59,56,46,54,72
2017-07-20,59,56,46,54,72
2017-07-21,59,56,46,54,72
2017-07-24,23,41,28,51,49
2017-07-25,23,41,28,51,49
2017-07-26,23,41,28,51,49
2017-07-27,23,41,28,51,49
2017-07-28,23,41,28,51,49
2017-07-31,21,76,45,43,58
2017-08-01,21,76,45,43,58
2017-08-02,21,76,45,43,58
2017-08-03,21,76,45,43,58
2017-08-04,21,76,45,43,58
2017-08-07,25,48,76,33,50
2017-08-08,25,48,76,33,50
2017-08-09,25,48,76,33,50
2017-08-10,25,48,76,33,50
2017-08-11,25,48,76,33,50
2017-08-14,73,33,66,51,37
2017-08-15,73,33,66,51,37
2017-08-16,73,33,66,51,37
2017-08-17,73,33,66,51,37
2017-08-18,73,33,66,51,37
2017-08-21,61,47,76,75,55
2017-08-22,61,47,76,75,55
2017-08-23,61,47,76,75,55
2017-08-24,61,47,76,75,55
2017-08-25,61,47,76,75,55
2017-08-28,23,24,41,65,21
2017-08-29,23,24,41,65,21
2017-08-30,23,24,41,65,21
2017-08-31,23,24,41,65,21
2017-09-01,23,24,41,65,21
2017-09-05,73,66,66,62,33
2017-09-06,73,66,66,62,33
2017-09-07,73,66,66,62,33
2017-09-08,73,66,66,62,33
2017-09-11,48,68,75,35,32
2017-09-12,48,68,75,35,32
2017-09-13,48,68,75,35,32
2017-09-14,48,68,75,35,32
2017-09-15,48,68,75,35,32
2017-09-18,37,49,49,23,48
2017-09-19,37,49,49,23,48
2017-09-20,37,49,49,23,48
2017-09-21,37,49,49,23,48
2017-09-22,37,49,49,23,48
2017-09-25,45,65,62,71,31
2017-09-26,45,65,62,71,31
2017-09-27,45,65,62,71,31
2017-09-28,45,65,62,71,31
2017-09-29,45,65,62,71,31
2017-10-02,63,71,67,56,58
2017-10-03,63,71,67,56,58
2017-10-04,63,71,67,56,58
2017-10-05,63,71,67,56,58
2017-10-06,63,71,67,56,58
2017-10-09,53,24,36,73,21
2017-10-10,53,24,36,73,21
2017-10-11,53,24,36,73,21
2017-10-12,53,24,36,73,21
2017-10-13,53,24,36,73,21
2017-10-16,29,31,45,40,51
2017-10-17,29,31,45,40,51
2017-10-18,29,31,45,40,51
2017-10-19,29,31,45,40,51
2017-10-20,29,31,45,40,51
2017-10-23,55,35,55,33,32
2017-10-24,55,35,55,33,32
2017-10-25,55,35,55,33,32
2017-10-26,55,35,55,33,32
2017-10-27,55,35,55,33,32
2017-10-30,33,45,20,50,65
2017-10-31,33,45,20,50,65
2017-11-01,33,45,20,50,65
2017-11-02,33,45,20,50,65
2017-11-03,33,45,20,50,65
2017-11-06,50,45,27,74,46
2017-11-07,50,45,27,74,46
2017-11-08,50,45,27,74,46
2017-11-09,50,45,27,74,46
2017-11-10,50,45,27,74,46
2017-11-13,67,67,68,67,68
2017-11-14,67,67,68,67,68
2017-11-15,67,67,68,67,68
2017-11-16,67,67,68,67,68
2017-11-17,67,67,68,67,68
2017-11-20,34,40,54,37,60
2017-11-21,34,40,54,37,60
2017-11-22,34,40,54,37,60
2017-11-24,34,40,54,37,60
2017-11-27,27,58,71,26,36
2017-11-28,27,58,71,26,36
2017-11-29,27,58,71,26,36
2017-11-30,27,58,71,26,36
2017-12-01,27,58,71,26,36
2017-12-04,33,55,34,29,59
2017-12-05,33,55,34,29,59
2017-12-06,33,55,34,29,59
2017-12-07,33,55,34,29,59
2017-12-08,33,55,34,29,59
2017-12-11,42,52,66,26,50
2017-12-12,42,52,66,26,50
2017-12-13,42,52,66,26,50
2017-12-14,42,52,66,26,50
2017-12-15,42,52,66,26,50
2017-12-18,79,49,75,52,53
2017-12-19,79,49,75,52,53
2017-12-20,79,49,75,52,53
2017-12-21,79,49,75,52,53
2017-12-22,79,49,75,52,53
2017-12-26,76,56,41,42,79
2017-12-27,76,56,41,42,79
2017-12-28,76,56,41,42,79
2017-12-29,76,56,41,42,79
2018-01-02,59,42,33,40,43
2018-01-03,59,42,33,40,43
2018-01-04,59,42,33,40,43
2018-01-05,59,42,33,40,43
2018-01-08,40,77,45,38,64
2018-01-09,40,77,45,38,64
2018-01-10,40,77,45,38,64
2018-01-11,40,77,45,38,64
2018-01-12,40,77,45,38,64
2018-01-16,35,29,47,67,54
2018-01-17,35,29,47,67,54
2018-01-18,35,29,47,67,54
2018-01-19,35,29,47,67,54
2018-01-22,64,73,42,38,67
2018-01-23,64,73,42,38,67
2018-01-24,64,73,42,38,67
2018-01-25,64,73,42,38,67
2018-01-26,64,73,42,38,67
2018-01-29,37,24,33,55,25
2018-01-30,37,24,33,55,25
2018-01-31,37,24,33,55,25
2018-02-01,37,24,33,55,25
2018-02-02,37,24,33,55,25
2018-02-05,66,55,43,48,38
2018-02-06,66,55,43,48,38
2018-02-07,66,55,43,48,38
2018-02-08,66,55,43,48,38
2018-02-09,66,55,43,48,38
2018-02-12,72,53,21,79,49
2018-02-13,72,53,21,79,49
2018-02-14,72,53,21,79,49
2018-02-15,72,53,21,79,49
2018-02-16,72,53,21,79,49
2018-02-20,43,71,64,37,26
2018-02-21,43,71,64,37,26
2018-02-22,43,71,64,37,26
2018-02-23,43,71,64,37,26
2018-02-26,45,50,45,21,29
2018-02-27,45,50,45,21,29
2018-02-28,45,50,45,21,29
2018-03-01,45,50,45,21,29
2018-03-02,45,50,45,21,29
2018-03-05,44,29,33,20,60
2018-03-06,44,29,33,20,60
2018-03-07,44,29,33,20,60
2018-03-08,44,29,33,20,60
2018-03-09,44,29,33,20,60
2018-03-12,79,77,78,66,51
2018-03-13,79,77,78,66,51
2018-03-14,79,77,78,66,51
2018-03-15,79,77,78,66,51
2018-03-16,79,77,78,66,51
2018-03-19,79,38,75,24,53
2018-03-20,79,38,75,24,53
2018-03-21,79,38,75,24,53
2018-03-22,79,38,75,24,53
2018-03-23,79,38,75,24,53
2018-03-26,79,77,70,39,47
2018-03-27,79,77,70,39,47
2018-03-28,79,77,70,39,47
2018-03-29,79,77,70,39,47
2018-04-02,64,51,26,30,79
2018-04-03,64,51,26,30,79
2018-04-04,64,51,26,30,79
2018-04-05,64,51,26,30,79
2018-04-06,64,51,26,30,79
2018-04-09,60,20,22,61,34
2018-04-10,60,20,22,61,34
2018-04-11,60,20,22,61,34
2018-04-12,60,20,22,61,34
2018-04-13,60,20,22,61,34
2018-04-16,48,75,66,21,49
2018-04-17,48,75,66,21,49
2018-04-18,48,75,66,21,49
2018-04-19,48,75,66,21,49
2018-04-20,48,75,66,21,49
2018-04-23,34,24,42,22,56
2018-04-24,34,24,42,22,56
2018-04-25,34,24,42,22,56
2018-04-26,34,24,42,22,56
2018-04-27,34,24,42,22,56
2018-04-30,64,64,65,42,48
2018-05-01,64,64,65,42,48
2018-05-02,64,64,65,42,48
2018-05-03,64,64,65,42,48
2018-05-04,64,64,65,42,48
2018-05-07,20,23,62,74,41
2018-05-08,20,23,62,74,41
2018-05-09,20,23,62,74,41
2018-05-10,20,23,62,74,41
2018-05-11,20,23,62,74,41
2018-05-14,44,35,66,31,23
2018-05-15,44,35,66,31,23
2018-05-16,44,35,66,31,23
2018-05-17,44,35,66,31,23
2018-05-18,44,35,66,31,23
2018-05-21,26,43,79,39,39
2018-05-22,26,43,79,39,39
2018-05-23,26,43,79,39,39
2018-05-24,26,43,79,39,39
2018-05-25,26,43,79,39,39
2018-05-29,28,35,64,24,51
2018-05-30,28,35,64,24,51
2018-05-31,28,35,64,24,51
2018-06-01,28,35,64,24,51
2018-06-04,43,74,37,56,55
2018-06-05,43,74,37,56,55
2018-06-06,43,74,37,56,55
2018-06-07,43,74,37,56,55
2018-06-08,43,74,37,56,55
2018-06-11,20,21,77,57,69
2018-06-12,20,21,77,57,69
2018-06-13,20,21,77,57,69
2018-06-14,20,21,77,57,69
2018-06-15,20,21,77,57,69
2018-06-18,63,68,57,49,23
2018-06-19,63,68,57,49,23
2018-06-20,63,68,57,49,23
2018-06-21,63,68,57,49,23
2018-06-22,63,68,57,49,23
2018-06-25,27,47,54,28,46
2018-06-26,27,47,54,28,46
2018-06-27,27,47,54,28,46
2018-06-28,27,47,54,28,46
2018-06-29,27,47,54,28,46
2018-07-02,43,51,70,53,36
2018-07-03,43,51,70,53,36
2018-07-05,43,51,70,53,36
2018-07-06,43,51,70,53,36
2018-07-09,30,46,34,72,31
2018-07-10,30,46,34,72,31
2018-07-11,30,46,34,72,31
2018-07-12,30,46,34,72,31
2018-07-13,30,46,34,72,31
2018-07-16,70,39,44,63,41
2018-07-17,70,39,44,63,41
2018-07-18,70,39,44,63,41
2018-07-19,70,39,44,63,41
2018-07-20,70,39,44,63,41
2018-07-23,36,43,74,54,36
2018-07-24,36,43,74,54,36
2018-07-25,36,43,74,54,36
2018-07-26,36,43,74,54,36
2018-07-27,36,43,74,54,36
2018-07-30,27,31,56,71,29
2018-07-31,27,31,56,71,29
2018-08-01,27,31,56,71,29
2018-08-02,27,31,56,71,29
2018-08-03,27,31,56,71,29
2018-08-06,54,69,47,77,73
2018-08-07,54,69,47,77,73
2018-08-08,54,69,47,77,73
2018-08-09,54,69,47,77,73
2018-08-10,54,69,47,77,73
2018-08-13,54,54,29,41,20
2018-08-14,54,54,29,41,20
2018-08-15,54,54,29,41,20
2018-08-16,54,54,29,41,20
2018-08-17,54,54,29,41,20
2018-08-20,52,79,58,63,41
2018-08-21,52,79,58,63,41
2018-08-22,52,79,58,63,41
2018-08-23,52,79,58,63,41
2018-08-24,52,79,58,63,41
2018-08-27,78,52,76,43,45
2018-08-28,78,52,76,43,45
2018-08-29,78,52,76,43,45
2018-08-30,78,52,76,43,45
2018-08-31,78,52,76,43,45
2018-09-04,24,52,36,36,75
2018-09-05,24,52,36,36,75
2018-09-06,24,52,36,36,75
2018-09-07,24,52,36,36,75
2018-09-10,61,70,58,29,78
2018-09-11,61,70,58,29,78
2018-09-12,61,70,58,29,78
2018-09-13,61,70,58,29,78
2018-09-14,61,70,58,29,78
2018-09-17,58,62,41,49,37
2018-09-18,58,62,41,49,37
2018-09-19,58,62,41,49,37
2018-09-20,58,62,41,49,37
2018-09-21,58,62,41,49,37
2018-09-24,77,56,45,75,69
2018-09-25,77,56,45,75,69
2018-09-26,77,56,45,75,69
2018-09-27,77,56,45,75,69
2018-09-28,77,56,45,75,69
2018-10-01,60,31,63,78,33
2018-10-02,60,31,63,78,33
2018-10-03,60,31,63,78,33
2018-10-04,60,31,63,78,33
2018-10-05,60,31,63,78,33
2018-10-08,47,22,44,65,66
2018-10-09,47,22,44,65,66
2018-10-10,47,22,44,65,66
2018-10-11,47,22,44,65,66
2018-10-12,47,22,44,65,66
2018-10-15,26,20,36,42,48
2018-10-16,26,20,36,42,48
2018-10-17,26,20,36,42,48
2018-10-18,26,20,36,42,48
2018-10-19,26,20,36,42,48
2018-10-22,28,52,32,51,31
2018-10-23,28,52,32,51,31
2018-10-24,28,52,32,51,31
2018-10-25,28,52,32,51,31
2018-10-26,28,52,32,51,31
2018-10-29,27,59,39,36,55
2018-10-30,27,59,39,36,55
2018-10-31,27,59,39,36,55
2018-11-01,27,59,39,36,55
2018-11-02,27,59,39,36,55
2018-11-05,31,29,44,69,78
2018-11-06,31,29,44,69,78
2018-11-07,31,29,44,69,78
2018-11-08,31,29,44,69,78
2018-11-09,31,29,44,69,78
2018-11-12,53,62,23,70,54
2018-11-13,53,62,23,70,54
2018-11-14,53,62,23,70,54
2018-11-15,53,62,23,70,54
2018-11-16,53,62,23,70,54
2018-11-19,52,63,29,36,71
2018-11-20,52,63,29,36,71
2018-11-21,52,63,29,36,71
2018-11-23,52,63,29,36,71
2018-11-26,67,48,22,33,31
2018-11-27,67,48,22,33,31
2018-11-28,67,48,22,33,31
2018-11-29,67,48,22,33,31
2018-11-30,67,48,22,33,31
2018-12-03,74,32,60,28,26
2018-12-04,74,32,60,28,26
2018-12-06,74,32,60,28,26
2018-12-07,74,32,60,28,26
2018-12-10,42,31,64,59,48
2018-12-11,42,31,64,59,48
2018-12-12,42,31,64,59,48
2018-12-13,42,31,64,59,48
2018-12-14,42,31,64,59,48
2018-12-17,43,50,37,21,30
2018-12-18,43,50,37,21,30
2018-12-19,43,50,37,21,30
2018-12-20,43,50,37,21,30
2018-12-21,43,50,37,21,30
2018-12-24,56,65,66,64,52
2018-12-26,56,65,66,64,52
2018-12-27,56,65,66,64,52
2018-12-28,56,65,66,64,52
2018-12-31,54,21,55,44,25
2019-01-02,54,21,55,44,25
2019-01-03,54,21,55,44,25
2019-01-04,54,21,55,44,25
2019-01-07,63,70,66,58,66
2019-01-08,63,70,66,58,66
2019-01-09,63,70,66,58,66
2019-01-10,63,70,66,58,66
2019-01-11,63,70,66,58,66
2019-01-14,59,69,41,28,34
2019-01-15,59,69,41,28,34
2019-01-16,59,69,41,28,34
2019-01-17,59,69,41,28,34
2019-01-18,59,69,41,28,34
2019-01-22,41,54,53,73,51
2019-01-23,41,54,53,73,51
2019-01-24,41,54,53,73,51
2019-01-25,41,54,53,73,51
2019-01-28,46,42,66,41,70
2019-01-29,46,42,66,41,70
2019-01-30,46,42,66,41,70
2019-01-31,46,42,66,41,70
2019-02-01,46,42,66,41,70
2019-02-04,54,36,27,62,30
2019-02-05,54,36,27,62,30
2019-02-06,54,36,27,62,30
2019-02-07,54,36,27,62,30
2019-02-08,54,36,27,62,30
2019-02-11,20,45,59,65,77
2019-02-12,20,45,59,65,77
2019-02-13,20,45,59,65,77
2019-02-14,20,45,59,65,77
2019-02-15,20,45,59,65,77
2019-02-19,54,27,68,23,42
2019-02-20,54,27,68,23,42
2019-02-21,54,27,68,23,42
2019-02-22,54,27,68,23,42
2019-02-25,56,48,63,45,45
2019-02-26,56,48,63,45,45
2019-02-27,56,48,63,45,45
2019-02-28,56,48,63,45,45
2019-03-01,56,48,63,45,45
2019-03-04,66,45,38,77,53
2019-03-05,66,45,38,77,53
2019-03-06,66,45,38,77,53
2019-03-07,66,45,38,77,53
2019-03-08,66,45,38,77,53
2019-03-11,33,29,61,48,65
2019-03-12,33,29,61,48,65
2019-03-13,33,29,61,48,65
2019-03-14,33,29,61,48,65
2019-03-15,33,29,61,48,65
2019-03-18,22,45,60,64,53
2019-03-19,22,45,60,64,53
2019-03-20,22,45,60,64,53
2019-03-21,22,45,60,64,53
2019-03-22,22,45,60,64,53
2019-03-25,20,53,56,53,48
2019-03-26,20,53,56,53,48
2019-03-27,20,53,56,53,48
2019-03-28,20,53,56,53,48
2019-03-29,20,53,56,53,48
2019-04-01,24,70,25,42,23
2019-04-02,24,70,25,42,23
2019-04-03,24,70,25,42,23
2019-04-04,24,70,25,42,23
2019-04-05,24,70,25,42,23
2019-04-08,45,60,71,56,36
2019-04-09,45,60,71,56,36
2019-04-10,45,60,71,56,36
2019-04-11,45,60,71,56,36
2019-04-12,45,60,71,56,36
2019-04-15,74,26,45,30,54
2019-04-16,74,26,45,30,54
2019-04-17,74,26,45,30,54
2019-04-18,74,26,45,30,54
2019-04-22,33,23,53,25,32
2019-04-23,33,23,53,25,32
2019-04-24,33,23,53,25,32
2019-04-25,33,23,53,25,32
2019-04-26,33,23,53,25,32
2019-04-29,58,77,78,37,60
2019-04-30,58,77,78,37,60
2019-05-01,58,77,78,37,60
2019-05-02,58,77,78,37,60
2019-05-03,58,77,78,37,60
2019-05-06,46,72,75,40,58
2019-05-07,46,72,75,40,58
2019-05-08,46,72,75,40,58
2019-05-09,46,72,75,40,58
2019-05-10,46,72,75,40,58
2019-05-13,28,69,78,61,34
2019-05-14,28,69,78,61,34
2019-05-15,28,69,78,61,34
2019-05-16,28,69,78,61,34
2019-05-17,28,69,78,61,34
2019-05-20,34,64,64,55,74
2019-05-21,34,64,64,55,74
2019-05-22,34,64,64,55,74
2019-05-23,34,64,64,55,74
2019-05-24,34,64,64,55,74
2019-05-28,34,30,25,60,48
2019-05-29,34,30,25,60,48
2019-05-30,34,30,25,60,48
2019-05-31,34,30,25,60,48
2019-06-03,45,48,56,57,48
2019-06-04,45,48,56,57,48
2019-06-05,45,48,56,57,48
2019-06-06,45,48,56,57,48
2019-06-07,45,48,56,57,48
2019-06-10,61,75,76,53,30
2019-06-11,61,75,76,53,30
2019-06-12,61,75,76,53,30
2019-06-13,61,75,76,53,30
2019-06-14,61,75,76,53,30
2019-06-17,79,55,52,36,71
2019-06-18,79,55,52,36,71
2019-06-19,79,55,52,36,71
2019-06-20,79,55,52,36,71
2019-06-21,79,55,52,36,71
2019-06-24,32,44,72,56,51
2019-06-25,32,44,72,56,51
2019-06-26,32,44,72,56,51
2019-06-27,32,44,72,56,51
2019-06-28,32,44,72,56,51
2019-07-01,70,40,41,44,21
2019-07-02,70,40,41,44,21
2019-07-03,70,40,41,44,21
2019-07-05,70,40,41,44,21
2019-07-08,51,76,40,57,66
2019-07-09,51,76,40,57,66
2019-07-10,51,76,40,57,66
2019-07-11,51,76,40,57,66
2019-07-12,51,76,40,57,66
2019-07-15,58,55,25,77,33
2019-07-16,58,55,25,77,33
2019-07-17,58,55,25,77,33
2019-07-18,58,55,25,77,33
2019-07-19,58,55,25,77,33
2019-07-22,68,29,25,31,39
2019-07-23,68,29,25,31,39
2019-07-24,68,29,25,31,39
2019-07-25,68,29,25,31,39
2019-07-26,68,29,25,31,39
2019-07-29,71,56,74,42,41
2019-07-30,71,56,74,42,41
2019-07-31,71,56,74,42,41
2019-08-01,71,56,74,42,41
2019-08-02,71,56,74,42,41
2019-08-05,51,28,67,72,30
2019-08-06,51,28,67,72,30
2019-08-07,51,28,67,72,30
2019-08-08,51,28,67,72,30
2019-08-09,51,28,67,72,30
2019-08-12,23,43,23,61,46
2019-08-13,23,43,23,61,46
2019-08-14,23,43,23,61,46
2019-08-15,23,43,23,61,46
2019-08-16,23,43,23,61,46
2019-08-19,49,54,49,41,22
2019-08-20,49,54,49,41,22
2019-08-21,49,54,49,41,22
2019-08-22,49,54,49,41,22
2019-08-23,49,54,49,41,22
2019-08-26,56,68,30,40,36
2019-08-27,56,68,30,40,36
2019-08-28,56,68,30,40,36
2019-08-29,56,68,30,40,36
2019-08-30,56,68,30,40,36
2019-09-03,42,54,49,46,63
2019-09-04,42,54,49,46,63
2019-09-05,42,54,49,46,63
2019-09-06,42,54,49,46,63
2019-09-09,58,67,50,76,75
2019-09-10,58,67,50,76,75
2019-09-11,58,67,50,76,75
2019-09-12,58,67,50,76,75
2019-09-13,58,67,50,76,75
2019-09-16,64,55,43,50,47
2019-09-17,64,55,43,50,47
2019-09-18,64,55,43,50,47
2019-09-19,64,55,43,50,47
2019-09-20,64,55,43,50,47
2019-09-23,34,37,74,25,48
2019-09-24,34,37,74,25,48
2019-09-25,34,37,74,25,48
2019-09-26,34,37,74,25,48
2019-09-27,34,37,74,25,48
2019-09-30,62,68,28,46,40
2019-10-01,62,68,28,46,40
2019-10-02,62,68,28,46,40
2019-10-03,62,68,28,46,40
2019-10-04,62,68,28,46,40
2019-10-07,48,58,74,59,66
2019-10-08,48,58,74,59,66
2019-10-09,48,58,74,59,66
2019-10-10,48,58,74,59,66
2019-10-11,48,58,74,59,66
2019-10-14,55,51,22,53,35
2019-10-15,55,51,22,53,35
2019-10-16,55,51,22,53,35
2019-10-17,55,51,22,53,35
2019-10-18,55,51,22,53,35
2019-10-21,32,43,70,31,56
2019-10-22,32,43,70,31,56
2019-10-23,32,43,70,31,56
2019-10-24,32,43,70,31,56
2019-10-25,32,43,70,31,56
2019-10-28,51,42,50,64,78
2019-10-29,51,42,50,64,78
2019-10-30,51,42,50,64,78
2019-10-31,51,42,50,64,78
2019-11-01,51,42,50,64,78
2019-11-04,26,51,59,76,39
2019-11-05,26,51,59,76,39
2019-11-06,26,51,59,76,39
2019-11-07,26,51,59,76,39
2019-11-08,26,51,59,76,39
2019-11-11,78,56,56,72,25
2019-11-12,78,56,56,72,25
2019-11-13,78,56,56,72,25
2019-11-14,78,56,56,72,25
2019-11-15,78,56,56,72,25
2019-11-18,70,31,55,26,38
2019-11-19,70,31,55,26,38
2019-11-20,70,31,55,26,38
2019-11-21,70,31,55,26,38
2019-11-22,70,31,55,26,38
2019-11-25,41,68,43,29,76
2019-11-26,41,68,43,29,76
2019-11-27,41,68,43,29,76
2019-11-29,41,68,43,29,76
2019-12-02,47,74,50,64,24
2019-12-03,47,74,50,64,24
2019-12-04,47,74,50,64,24
2019-12-05,47,74,50,64,24
2019-12-06,47,74,50,64,24
2019-12-09,21,32,25,36,22
2019-12-10,21,32,25,36,22
2019-12-11,21,32,25,36,22
2019-12-12,21,32,25,36,22
2019-12-13,21,32,25,36,22
2019-12-16,61,42,21,45,78
2019-12-17,61,42,21,45,78
2019-12-18,61,42,21,45,78
2019-12-19,61,42,21,45,78
2019-12-20,61,42,21,45,78
2019-12-23,64,44,39,40,20
2019-12-24,64,44,39,40,20
2019-12-26,64,44,39,40,20
2019-12-27,64,44,39,40,20
2019-12-30,76,54,47,47,77
2019-12-31,76,54,47,47,77
2020-01-02,76,54,47,47,77
2020-01-03,76,54,47,47,77
2020-01-06,72,60,30,77,79
2020-01-07,72,60,30,77,79
2020-01-08,72,60,30,77,79
2020-01-09,72,60,30,77,79
2020-01-10,72,60,30,77,79
2020-01-13,25,49,23,65,57
2020-01-14,25,49,23,65,57
2020-01-15,25,49,23,65,57
2020-01-16,25,49,23,65,57
2020-01-17,25,49,23,65,57
2020-01-21,47,36,34,21,34
2020-01-22,47,36,34,21,34
2020-01-23,47,36,34,21,34
2020-01-24,47,36,34,21,34
2020-01-27,47,68,25,79,53
2020-01-28,47,68,25,79,53
2020-01-29,47,68,25,79,53
2020-01-30,47,68,25,79,53
2020-01-31,47,68,25,79,53
2020-02-03,63,39,73,73,54
2020-02-04,63,39,73,73,54
2020-02-05,63,39,73,73,54
2020-02-06,63,39,73,73,54
2020-02-07,63,39,73,73,54
2020-02-10,63,67,68,62,68
2020-02-11,63,67,68,62,68
2020-02-12,63,67,68,62,68
2020-02-13,63,67,68,62,68
2020-02-14,63,67,68,62,68
2020-02-18,39,44,49,20,44
2020-02-19,39,44,49,20,44
2020-02-20,39,44,49,20,44
2020-02-21,39,44,49,20,44
2020-02-24,49,41,75,70,43
2020-02-25,49,41,75,70,43
2020-02-26,49,41,75,70,43
2020-02-27,49,41,75,70,43
2020-02-28,49,41,75,70,43
2020-03-02,30,32,57,72,31
2020-03-03,30,32,57,72,31
2020-03-04,30,32,57,72,31
2020-03-05,30,32,57,72,31
2020-03-06,30,32,57,72,31
2020-03-09,77,78,70,55,37
2020-03-10,77,78,70,55,37
2020-03-11,77,78,70,55,37
2020-03-12,77,78,70,55,37
2020-03-13,77,78,70,55,37
2020-03-16,74,38,76,70,34
2020-03-17,74,38,76,70,34
2020-03-18,74,38,76,70,34
2020-03-19,74,38,76,70,34
2020-03-20,74,38,76,70,34
2020-03-23,47,68,21,45,63
2020-03-24,47,68,21,45,63
2020-03-25,47,68,21,45,63
2020-03-26,47,68,21,45,63
2020-03-27,47,68,21,45,63
2020-03-30,44,55,34,48,35
2020-03-31,44,55,34,48,35
2020-04-01,44,55,34,48,35
2020-04-02,44,55,34,48,35
2020-04-03,44,55,34,48,35
2020-04-06,58,31,30,40,46
2020-04-07,58,31,30,40,46
2020-04-08,58,31,30,40,46
2020-04-09,58,31,30,40,46
2020-04-13,52,60,27,30,27
2020-04-14,52,60,27,30,27
2020-04-15,52,60,27,30,27
2020-04-16,52,60,27,30,27
2020-04-17,52,60,27,30,27
2020-04-20,20,38,45,59,79
2020-04-21,20,38,45,59,79
2020-04-22,20,38,45,59,79
2020-04-23,20,38,45,59,79
2020-04-24,20,38,45,59,79
2020-04-27,76,31,70,30,65
2020-04-28,76,31,70,30,65
2020-04-29,76,31,70,30,65
2020-04-30,76,31,70,30,65
2020-05-01,76,31,70,30,65
2020-05-04,46,28,64,55,44
2020-05-05,46,28,64,55,44
2020-05-06,46,28,64,55,44
2020-05-07,46,28,64,55,44
2020-05-08,46,28,64,55,44
2020-05-11,76,26,63,68,36
2020-05-12,76,26,63,68,36
2020-05-13,76,26,63,68,36
2020-05-14,76,26,63,68,36
2020-05-15,76,26,63,68,36
2020-05-18,71,47,24,78,48
2020-05-19,71,47,24,78,48
2020-05-20,71,47,24,78,48
2020-05-21,71,47,24,78,48
2020-05-22,71,47,24,78,48
2020-05-26,32,33,25,58,72
2020-05-27,32,33,25,58,72
2020-05-28,32,33,25,58,72
2020-05-29,32,33,25,58,72
2020-06-01,60,50,45,59,27
2020-06-02,60,50,45,59,27
2020-06-03,60,50,45,59,27
2020-06-04,60,50,45,59,27
2020-06-05,60,50,45,59,27
2020-06-08,22,71,73,54,34
2020-06-09,22,71,73,54,34
2020-06-10,22,71,73,54,34
2020-06-11,22,71,73,54,34
2020-06-12,22,71,73,54,34
2020-06-15,58,38,23,73,46
2020-06-16,58,38,23,73,46
2020-06-17,58,38,23,73,46
2020-06-18,58,38,23,73,46
2020-06-19,58,38,23,73,46
2020-06-22,25,77,38,53,65
2020-06-23,25,77,38,53,65
2020-06-24,25,77,38,53,65
2020-06-25,25,77,38,53,65
2020-06-26,25,77,38,53,65
2020-06-29,27,66,39,74,69
2020-06-30,27,66,39,74,69
2020-07-01,27,66,39,74,69
2020-07-02,27,66,39,74,69
2020-07-06,46,35,52,66,71
2020-07-07,46,35,52,66,71
2020-07-08,46,35,52,66,71
2020-07-09,46,35,52,66,71
2020-07-10,46,35,52,66,71
2020-07-13,28,72,39,43,26
2020-07-14,28,72,39,43,26
2020-07-15,28,72,39,43,26
2020-07-16,28,72,39,43,26
2020-07-17,28,72,39,43,26
2020-07-20,56,24,68,73,22
2020-07-21,56,24,68,73,22
2020-07-22,56,24,68,73,22
2020-07-23,56,24,68,73,22
2020-07-24,56,24,68,73,22
2020-07-27,52,54,31,41,48
2020-07-28,52,54,31,41,48
2020-07-29,52,54,31,41,48
2020-07-30,52,54,31,41,48
2020-07-31,52,54,31,41,48
2020-08-03,70,31,66,24,63
2020-08-04,70,31,66,24,63
2020-08-05,70,31,66,24,63
2020-08-06,70,31,66,24,63
2020-08-07,70,31,66,24,63
2020-08-10,61,44,20,75,72
2020-08-11,61,44,20,75,72
2020-08-12,61,44,20,75,72
2020-08-13,61,44,20,75,72
2020-08-14,61,44,20,75,72
2020-08-17,63,71,45,52,43
2020-08-18,63,71,45,52,43
2020-08-19,63,71,45,52,43
2020-08-20,63,71,45,52,43
2020-08-21,63,71,45,52,43
2020-08-24,43,78,33,77,79
2020-08-25,43,78,33,77,79
2020-08-26,43,78,33,77,79
2020-08-27,43,78,33,77,79
2020-08-28,43,78,33,77,79
2020-08-31,34,40,57,55,77
2020-09-01,34,40,57,55,77
2020-09-02,34,40,57,55,77
2020-09-03,34,40,57,55,77
2020-09-04,34,40,57,55,77
2020-09-08,78,55,56,66,22
2020-09-09,78,55,56,66,22
2020-09-10,78,55,56,66,22
2020-09-11,78,55,56,66,22
2020-09-14,73,72,30,39,39
2020-09-15,73,72,30,39,39
2020-09-16,73,72,30,39,39
2020-09-17,73,72,30,39,39
2020-09-18,73,72,30,39,39
2020-09-21,51,42,55,38,65
2020-09-22,51,42,55,38,65
2020-09-23,51,42,55,38,65
2020-09-24,51,42,55,38,65
2020-09-25,51,42,55,38,65
2020-09-28,51,35,32,54,34
2020-09-29,51,35,32,54,34
2020-09-30,51,35,32,54,34
2020-10-01,51,35,32,54,34
2020-10-02,51,35,32,54,34
2020-10-05,43,76,62,71,44
2020-10-06,43,76,62,71,44
2020-10-07,43,76,62,71,44
2020-10-08,43,76,62,71,44
2020-10-09,43,76,62,71,44
2020-10-12,60,58,22,62,49
2020-10-13,60,58,22,62,49
2020-10-14,60,58,22,62,49
2020-10-15,60,58,22,62,49
2020-10-16,60,58,22,62,49
2020-10-19,71,64,52,36,33
2020-10-20,71,64,52,36,33
2020-10-21,71,64,52,36,33
2020-10-22,71,64,52,36,33
2020-10-23,71,64,52,36,33
2020-10-26,68,72,25,78,26
2020-10-27,68,72,25,78,26
2020-10-28,68,72,25,78,26
2020-10-29,68,72,25,78,26
2020-10-30,68,72,25,78,26
2020-11-02,68,61,69,64,36
2020-11-03,68,61,69,64,36
2020-11-04,68,61,69,64,36
2020-11-05,68,61,69,64,36
2020-11-06,68,61,69,64,36
2020-11-09,77,77,75,62,63
2020-11-10,77,77,75,62,63
2020-11-11,77,77,75,62,63
2020-11-12,77,77,75,62,63
2020-11-13,77,77,75,62,63
2020-11-16,71,58,29,53,39
2020-11-17,71,58,29,53,39
2020-11-18,71,58,29,53,39
2020-11-19,71,58,29,53,39
2020-11-20,71,58,29,53,39
2020-11-23,31,33,24,28,55
2020-11-24,31,33,24,28,55
2020-11-25,31,33,24,28,55
2020-11-27,31,33,24,28,55
2020-11-30,58,50,42,45,28
2020-12-01,58,50,42,45,28
2020-12-02,58,50,42,45,28
2020-12-03,58,50,42,45,28
2020-12-04,58,50,42,45,28
2020-12-07,21,77,29,21,57
2020-12-08,21,77,29,21,57
2020-12-09,21,77,29,21,57
2020-12-10,21,77,29,21,57
2020-12-11,21,77,29,21,57
2020-12-14,22,24,63,72,67
2020-12-15,22,24,63,72,67
2020-12-16,22,24,63,72,67
2020-12-17,22,24,63,72,67
2020-12-18,22,24,63,72,67
2020-12-21,68,54,21,28,76
2020-12-22,68,54,21,28,76
2020-12-23,68,54,21,28,76
2020-12-24,68,54,21,28,76
2020-12-28,56,42,32,28,79
2020-12-29,56,42,32,28,79
2020-12-30,56,42,32,28,79
2020-12-31,56,42,32,28,79
2021-01-04,68,48,59,59,41
2021-01-05,68,48,59,59,41
2021-01-06,68,48,59,59,41
2021-01-07,68,48,59,59,41
2021-01-08,68,48,59,59,41
2021-01-11,75,62,21,36,73
2021-01-12,75,62,21,36,73
2021-01-13,75,62,21,36,73
2021-01-14,75,62,21,36,73
2021-01-15,75,62,21,36,73
2021-01-19,36,30,39,20,72
2021-01-20,36,30,39,20,72
2021-01-21,36,30,39,20,72
2021-01-22,36,30,39,20,72
2021-01-25,78,37,20,44,72
2021-01-26,78,37,20,44,72
2021-01-27,78,37,20,44,72
2021-01-28,78,37,20,44,72
2021-01-29,78,37,20,44,72
2021-02-01,68,66,56,62,21
2021-02-02,68,66,56,62,21
2021-02-03,68,66,56,62,21
2021-02-04,68,66,56,62,21
2021-02-05,68,66,56,62,21
2021-02-08,21,31,28,59,43
2021-02-09,21,31,28,59,43
2021-02-10,21,31,28,59,43
2021-02-11,21,31,28,59,43
2021-02-12,21,31,28,59,43
2021-02-16,21,28,36,61,27
2021-02-17,21,28,36,61,27
2021-02-18,21,28,36,61,27
2021-02-19,21,28,36,61,27
2021-02-22,47,29,28,44,30
2021-02-23,47,29,28,44,30
2021-02-24,47,29,28,44,30
2021-02-25,47,29,28,44,30
2021-02-26,47,29,28,44,30
2021-03-01,73,77,30,58,32
2021-03-02,73,77,30,58,32
2021-03-03,73,77,30,58,32
2021-03-04,73,77,30,58,32
2021-03-05,73,77,30,58,32
2021-03-08,42,63,34,54,36
2021-03-09,42,63,34,54,36
2021-03-10,42,63,34,54,36
2021-03-11,42,63,34,54,36
2021-03-12,42,63,34,54,36
2021-03-15,56,36,43,22,27
2021-03-16,56,36,43,22,27
2021-03-17,56,36,43,22,27
2021-03-18,56,36,43,22,27
2021-03-19,56,36,43,22,27
2021-03-22,51,57,57,69,40
2021-03-23,51,57,57,69,40
2021-03-24,51,57,57,69,40
2021-03-25,51,57,57,69,40
2021-03-26,51,57,57,69,40
2021-03-29,52,26,74,56,37
2021-03-30,52,26,74,56,37
2021-03-31,52,26,74,56,37
2021-04-01,52,26,74,56,37
2021-04-05,20,65,54,63,49
2021-04-06,20,65,54,63,49
2021-04-07,20,65,54,63,49
2021-04-08,20,65,54,63,49
2021-04-09,20,65,54,63,49
2021-04-12,38,32,49,63,37
2021-04-13,38,32,49,63,37
2021-04-14,38,32,49,63,37
2021-04-15,38,32,49,63,37
2021-04-16,38,32,49,63,37
2021-04-19,21,59,50,70,65
2021-04-20,21,59,50,70,65
2021-04-21,21,59,50,70,65
2021-04-22,21,59,50,70,65
2021-04-23,21,59,50,70,65
2021-04-26,72,61,68,49,66
2021-04-27,72,61,68,49,66
2021-04-28,72,61,68,49,66
2021-04-29,72,61,68,49,66
2021-04-30,72,61,68,49,66
2021-05-03,63,28,24,57,50
2021-05-04,63,28,24,57,50
2021-05-05,63,28,24,57,50
2021-05-06,63,28,24,57,50
2021-05-07,63,28,24,57,50
2021-05-10,45,69,79,53,57
2021-05-11,45,69,79,53,57
2021-05-12,45,69,79,53,57
2021-05-13,45,69,79,53,57
2021-05-14,45,69,79,53,57
2021-05-17,51,46,63,31,51
2021-05-18,51,46,63,31,51
2021-05-19,51,46,63,31,51
2021-05-20,51,46,63,31,51
2021-05-21,51,46,63,31,51
2021-05-24,25,77,69,38,30
2021-05-25,25,77,69,38,30
2021-05-26,25,77,69,38,30
2021-05-27,25,77,69,38,30
2021-05-28,25,77,69,38,30
2021-06-01,51,21,33,56,64
2021-06-02,51,21,33,56,64
2021-06-03,51,21,33,56,64
2021-06-04,51,21,33,56,64
2021-06-07,74,24,72,63,44
2021-06-08,74,24,72,63,44
2021-06-09,74,24,72,63,44
2021-06-10,74,24,72,63,44
2021-06-11,74,24,72,63,44
2021-06-14,23,48,75,78,52
2021-06-15,23,48,75,78,52
2021-06-16,23,48,75,78,52
2021-06-17,23,48,75,78,52
2021-06-18,23,48,75,78,52
2021-06-21,74,56,30,78,79
2021-06-22,74,56,30,78,79
2021-06-23,74,56,30,78,79
2021-06-24,74,56,30,78,79
2021-06-25,74,56,30,78,79
2021-06-28,30,57,28,68,57
2021-06-29,30,57,28,68,57
2021-06-30,30,57,28,68,57
2021-07-01,30,57,28,68,57
2021-07-02,30,57,28,68,57
2021-07-06,75,38,53,36,60
2021-07-07,75,38,53,36,60
2021-07-08,75,38,53,36,60
2021-07-09,75,38,53,36,60
2021-07-12,78,27,31,29,27
2021-07-13,78,27,31,29,27
2021-07-14,78,27,31,29,27
2021-07-15,78,27,31,29,27
2021-07-16,78,27,31,29,27
2021-07-19,36,67,54,76,30
2021-07-20,36,67,54,76,30
2021-07-21,36,67,54,76,30
2021-07-22,36,67,54,76,30
2021-07-23,36,67,54,76,30
2021-07-26,57,64,54,74,41
2021-07-27,57,64,54,74,41
2021-07-28,57,64,54,74,41
2021-07-29,57,64,54,74,41
2021-07-30,57,64,54,74,41
2021-08-02,43,20,20,68,70
2021-08-03,43,20,20,68,70
2021-08-04,43,20,20,68,70
2021-08-05,43,20,20,68,70
2021-08-06,43,20,20,68,70
2021-08-09,24,41,59,66,43
2021-08-10,24,41,59,66,43
2021-08-11,24,41,59,66,43
2021-08-12,24,41,59,66,43
2021-08-13,24,41,59,66,43
2021-08-16,71,71,41,31,60
2021-08-17,71,71,41,31,60
2021-08-18,71,71,41,31,60
2021-08-19,71,71,41,31,60
2021-08-20,71,71,41,31,60
2021-08-23,53,36,79,35,36
2021-08-24,53,36,79,35,36
2021-08-25,53,36,79,35,36
2021-08-26,53,36,79,35,36
2021-08-27,53,36,79,35,36
2021-08-30,25,26,48,43,31
2021-08-31,25,26,48,43,31
2021-09-01,25,26,48,43,31
2021-09-02,25,26,48,43,31
2021-09-03,25,26,48,43,31
2021-09-07,41,44,27,38,76
2021-09-08,41,44,27,38,76
2021-09-09,41,44,27,38,76
2021-09-10,41,44,27,38,76
2021-09-13,30,64,30,27,65
2021-09-14,30,64,30,27,65
2021-09-15,30,64,30,27,65
2021-09-16,30,64,30,27,65
2021-09-17,30,64,30,27,65
2021-09-20,67,23,60,50,51
2021-09-21,67,23,60,50,51
2021-09-22,67,23,60,50,51
2021-09-23,67,23,60,50,51
2021-09-24,67,23,60,50,51
2021-09-27,35,55,56,40,34
2021-09-28,35,55,56,40,34
2021-09-29,35,55,56,40,34
2021-09-30,35,55,56,40,34
2021-10-01,35,55,56,40,34
2021-10-04,52,25,33,36,35
2021-10-05,52,25,33,36,35
2021-10-06,52,25,33,36,35
2021-10-07,52,25,33,36,35
2021-10-08,52,25,33,36,35
2021-10-11,28,79,79,42,73
2021-10-12,28,79,79,42,73
2021-10-13,28,79,79,42,73
2021-10-14,28,79,79,42,73
2021-10-15,28,79,79,42,73
2021-10-18,79,50,49,56,41
2021-10-19,79,50,49,56,41
2021-10-20,79,50,49,56,41
2021-10-21,79,50,49,56,41
2021-10-22,79,50,49,56,41
2021-10-25,78,38,54,73,47
2021-10-26,78,38,54,73,47
2021-10-27,78,38,54,73,47
2021-10-28,78,38,54,73,47
2021-10-29,78,38,54,73,47
2021-11-01,25,63,40,35,39
2021-11-02,25,63,40,35,39
2021-11-03,25,63,40,35,39
2021-11-04,25,63,40,35,39
2021-11-05,25,63,40,35,39
2021-11-08,35,73,56,25,52
2021-11-09,35,73,56,25,52
2021-11-10,35,73,56,25,52
2021-11-11,35,73,56,25,52
2021-11-12,35,73,56,25,52
2021-11-15,48,58,24,27,29
2021-11-16,48,58,24,27,29
2021-11-17,48,58,24,27,29
2021-11-18,48,58,24,27,29
2021-11-19,48,58,24,27,29
2021-11-22,22,46,38,44,59
2021-11-23,22,46,38,44,59
2021-11-24,22,46,38,44,59
2021-11-26,22,46,38,44,59
2021-11-29,39,29,78,37,51
2021-11-30,39,29,78,37,51
2021-12-01,39,29,78,37,51
2021-12-02,39,29,78,37,51
2021-12-03,39,29,78,37,51
2021-12-06,79,45,33,44,69
2021-12-07,79,45,33,44,69
2021-12-08,79,45,33,44,69
2021-12-09,79,45,33,44,69
2021-12-10,79,45,33,44,69
2021-12-13,78,38,45,31,79
2021-12-14,78,38,45,31,79
2021-12-15,78,38,45,31,79
2021-12-16,78,38,45,31,79
2021-12-17,78,38,45,31,79
2021-12-20,55,58,23,34,52
2021-12-21,55,58,23,34,52
2021-12-22,55,58,23,34,52
2021-12-23,55,58,23,34,52
2021-12-27,38,22,44,78,21
2021-12-28,38,22,44,78,21
2021-12-29,38,22,44,78,21
2021-12-30,38,22,44,78,21
2021-12-31,38,22,44,78,21
2022-01-03,45,64,64,45,52
2022-01-04,45,64,64,45,52
2022-01-05,45,64,64,45,52
2022-01-06,45,64,64,45,52
2022-01-07,45,64,64,45,52
2022-01-10,22,32,61,60,52
2022-01-11,22,32,61,60,52
2022-01-12,22,32,61,60,52
2022-01-13,22,32,61,60,52
2022-01-14,22,32,61,60,52
2022-01-18,38,69,44,64,60
2022-01-19,38,69,44,64,60
2022-01-20,38,69,44,64,60
2022-01-21,38,69,44,64,60
2022-01-24,39,47,37,45,32
2022-01-25,39,47,37,45,32
2022-01-26,39,47,37,45,32
2022-01-27,39,47,37,45,32
2022-01-28,39,47,37,45,32
2022-01-31,51,77,59,66,49
2022-02-01,51,77,59,66,49
2022-02-02,51,77,59,66,49
2022-02-03,51,77,59,66,49
2022-02-04,51,77,59,66,49
2022-02-07,26,39,27,51,52
2022-02-08,26,39,27,51,52
2022-02-09,26,39,27,51,52
2022-02-10,26,39,27,51,52
2022-02-11,26,39,27,51,52
2022-02-14,71,47,58,29,32
2022-02-15,71,47,58,29,32
2022-02-16,71,47,58,29,32
2022-02-17,71,47,58,29,32
2022-02-18,71,47,58,29,32
2022-02-22,60,27,59,35,71
2022-02-23,60,27,59,35,71
2022-02-24,60,27,59,35,71
2022-02-25,60,27,59,35,71
2022-02-28,52,60,33,26,45
2022-03-01,52,60,33,26,45
2022-03-02,52,60,33,26,45
2022-03-03,52,60,33,26,45
2022-03-04,52,60,33,26,45
2022-03-07,59,58,51,36,41
2022-03-08,59,58,51,36,41
2022-03-09,59,58,51,36,41
2022-03-10,59,58,51,36,41
2022-03-11,59,58,51,36,41
2022-03-14,58,20,70,42,58
2022-03-15,58,20,70,42,58
2022-03-16,58,20,70,42,58
2022-03-17,58,20,70,42,58
2022-03-18,58,20,70,42,58
2022-03-21,37,22,57,45,21
2022-03-22,37,22,57,45,21
2022-03-23,37,22,57,45,21
2022-03-24,37,22,57,45,21
2022-03-25,37,22,57,45,21
2022-03-28,59,32,52,40,57
2022-03-29,59,32,52,40,57
2022-03-30,59,32,52,40,57
2022-03-31,59,32,52,40,57
2022-04-01,59,32,52,40,57
2022-04-04,20,47,42,41,58
2022-04-05,20,47,42,41,58
2022-04-06,20,47,42,41,58
2022-04-07,20,47,42,41,58
2022-04-08,20,47,42,41,58
2022-04-11,30,76,34,77,45
2022-04-12,30,76,34,77,45
2022-04-13,30,76,34,77,45
2022-04-14,30,76,34,77,45
2022-04-18,47,79,52,26,65
2022-04-19,47,79,52,26,65
2022-04-20,47,79,52,26,65
2022-04-21,47,79,52,26,65
2022-04-22,47,79,52,26,65
2022-04-25,76,68,44,33,77
2022-04-26,76,68,44,33,77
2022-04-27,76,68,44,33,77
2022-04-28,76,68,44,33,77
2022-04-29,76,68,44,33,77
2022-05-02,44,44,36,34,69
2022-05-03,44,44,36,34,69
2022-05-04,44,44,36,34,69
2022-05-05,44,44,36,34,69
2022-05-06,44,44,36,34,69
2022-05-09,69,75,52,72,34
2022-05-10,69,75,52,72,34
2022-05-11,69,75,52,72,34
2022-05-12,69,75,52,72,34
2022-05-13,69,75,52,72,34
2022-05-16,42,52,66,26,53
2022-05-17,42,52,66,26,53
2022-05-18,42,52,66,26,53
2022-05-19,42,52,66,26,53
2022-05-20,42,52,66,26,53
2022-05-23,50,57,74,28,61
2022-05-24,50,57,74,28,61
2022-05-25,50,57,74,28,61
2022-05-26,50,57,74,28,61
2022-05-27,50,57,74,28,61
2022-05-31,49,72,21,70,74
2022-06-01,49,72,21,70,74
2022-06-02,49,72,21,70,74
2022-06-03,49,72,21,70,74
2022-06-06,61,25,33,67,63
2022-06-07,61,25,33,67,63
2022-06-08,61,25,33,67,63
2022-06-09,61,25,33,67,63
2022-06-10,61,25,33,67,63
2022-06-13,54,77,72,27,68
2022-06-14,54,77,72,27,68
2022-06-15,54,77,72,27,68
2022-06-16,54,77,72,27,68
2022-06-17,54,77,72,27,68
2022-06-21,26,63,59,69,59
2022-06-22,26,63,59,69,59
2022-06-23,26,63,59,69,59
2022-06-24,26,63,59,69,59
2022-06-27,79,64,59,78,30
2022-06-28,79,64,59,78,30
2022-06-29,79,64,59,78,30
2022-06-30,79,64,59,78,30
2022-07-01,79,64,59,78,30
2022-07-05,35,51,70,42,22
2022-07-06,35,51,70,42,22
2022-07-07,35,51,70,42,22
2022-07-08,35,51,70,42,22
2022-07-11,45,64,58,48,78
2022-07-12,45,64,58,48,78
2022-07-13,45,64,58,48,78
2022-07-14,45,64,58,48,78
2022-07-15,45,64,58,48,78
2022-07-18,67,66,70,37,25
2022-07-19,67,66,70,37,25
2022-07-20,67,66,70,37,25
2022-07-21,67,66,70,37,25
2022-07-22,67,66,70,37,25
2022-07-25,76,40,25,50,28
2022-07-26,76,40,25,50,28
2022-07-27,76,40,25,50,28
2022-07-28,76,40,25,50,28
2022-07-29,76,40,25,50,28
2022-08-01,71,35,25,49,25
2022-08-02,71,35,25,49,25
2022-08-03,71,35,25,49,25
2022-08-04,71,35,25,49,25
2022-08-05,71,35,25,49,25
2022-08-08,79,73,22,71,28
2022-08-09,79,73,22,71,28
2022-08-10,79,73,22,71,28
2022-08-11,79,73,22,71,28
2022-08-12,79,73,22,71,28
2022-08-15,68,40,26,58,58
2022-08-16,68,40,26,58,58
2022-08-17,68,40,26,58,58
2022-08-18,68,40,26,58,58
2022-08-19,68,40,26,58,58
2022-08-22,21,30,70,54,50
2022-08-23,21,30,70,54,50
2022-08-24,21,30,70,54,50
2022-08-25,21,30,70,54,50
2022-08-26,21,30,70,54,50
2022-08-29,20,79,27,37,51
2022-08-30,20,79,27,37,51
2022-08-31,20,79,27,37,51
2022-09-01,20,79,27,37,51
2022-09-02,20,79,27,37,51
2022-09-06,67,56,61,78,60
2022-09-07,67,56,61,78,60
2022-09-08,67,56,61,78,60
2022-09-09,67,56,61,78,60
2022-09-12,31,55,71,61,69
2022-09-13,31,55,71,61,69
2022-09-14,31,55,71,61,69
2022-09-15,31,55,71,61,69
2022-09-16,31,55,71,61,69
2022-09-19,24,54,34,58,31
2022-09-20,24,54,34,58,31
2022-09-21,24,54,34,58,31
2022-09-22,24,54,34,58,31
2022-09-23,24,54,34,58,31
2022-09-26,56,38,66,36,27
2022-09-27,56,38,66,36,27
2022-09-28,56,38,66,36,27
2022-09-29,56,38,66,36,27
2022-09-30,56,38,66,36,27
2022-10-03,51,39,48,33,27
2022-10-04,51,39,48,33,27
2022-10-05,51,39,48,33,27
2022-10-06,51,39,48,33,27
2022-10-07,51,39,48,33,27
2022-10-10,78,76,52,50,69
2022-10-11,78,76,52,50,69
2022-10-12,78,76,52,50,69
2022-10-13,78,76,52,50,69
2022-10-14,78,76,52,50,69
2022-10-17,74,37,71,43,47
2022-10-18,74,37,71,43,47
2022-10-19,74,37,71,43,47
2022-10-20,74,37,71,43,47
2022-10-21,74,37,71,43,47
2022-10-24,28,66,49,54,39
2022-10-25,28,66,49,54,39
2022-10-26,28,66,49,54,39
2022-10-27,28,66,49,54,39
2022-10-28,28,66,49,54,39
2022-10-31,60,60,58,63,66
2022-11-01,60,60,58,63,66
2022-11-02,60,60,58,63,66
2022-11-03,60,60,58,63,66
2022-11-04,60,60,58,63,66
2022-11-07,54,68,46,79,78
2022-11-08,54,68,46,79,78
2022-11-09,54,68,46,79,78
2022-11-10,54,68,46,79,78
2022-11-11,54,68,46,79,78
2022-11-14,38,33,55,64,26
2022-11-15,38,33,55,64,26
2022-11-16,38,33,55,64,26
2022-11-17,38,33,55,64,26
2022-11-18,38,33,55,64,26
2022-11-21,67,34,48,53,30
2022-11-22,67,34,48,53,30
2022-11-23,67,34,48,53,30
2022-11-25,67,34,48,53,30
2022-11-28,35,50,57,22,39
2022-11-29,35,50,57,22,39
2022-11-30,35,50,57,22,39
2022-12-01,35,50,57,22,39
2022-12-02,35,50,57,22,39
2022-12-05,22,20,76,56,35
2022-12-06,22,20,76,56,35
2022-12-07,22,20,76,56,35
2022-12-08,22,20,76,56,35
2022-12-09,22,20,76,56,35
2022-12-12,39,72,52,62,23
2022-12-13,39,72,52,62,23
2022-12-14,39,72,52,62,23
2022-12-15,39,72,52,62,23
2022-12-16,39,72,52,62,23
2022-12-19,43,73,56,59,25
2022-12-20,43,73,56,59,25
2022-12-21,43,73,56,59,25
2022-12-22,43,73,56,59,25
2022-12-23,43,73,56,59,25
2022-12-27,73,73,46,45,77
2022-12-28,73,73,46,45,77
2022-12-29,73,73,46,45,77
2022-12-30,73,73,46,45,77
2023-01-03,75,22,74,74,41
2023-01-04,75,22,74,74,41
2023-01-05,75,22,74,74,41
2023-01-06,75,22,74,74,41
2023-01-09,52,35,52,42,45
2023-01-10,52,35,52,42,45
2023-01-11,52,35,52,42,45
2023-01-12,52,35,52,42,45
2023-01-13,52,35,52,42,45
2023-01-17,43,42,23,63,22
2023-01-18,43,42,23,63,22
2023-01-19,43,42,23,63,22
2023-01-20,43,42,23,63,22
2023-01-23,71,76,41,58,60
2023-01-24,71,76,41,58,60
2023-01-25,71,76,41,58,60
2023-01-26,71,76,41,58,60
2023-01-27,71,76,41,58,60
2023-01-30,30,30,21,34,79
2023-01-31,30,30,21,34,79
2023-02-01,30,30,21,34,79
2023-02-02,30,30,21,34,79
2023-02-03,30,30,21,34,79
2023-02-06,68,31,29,75,61
2023-02-07,68,31,29,75,61
2023-02-08,68,31,29,75,61
2023-02-09,68,31,29,75,61
2023-02-10,68,31,29,75,61
2023-02-13,27,29,24,68,33
2023-02-14,27,29,24,68,33
2023-02-15,27,29,24,68,33
2023-02-16,27,29,24,68,33
2023-02-17,27,29,24,68,33
2023-02-21,55,51,78,23,30
2023-02-22,55,51,78,23,30
2023-02-23,55,51,78,23,30
2023-02-24,55,51,78,23,30
2023-02-27,57,35,29,48,37
2023-02-28,57,35,29,48,37
2023-03-01,57,35,29,48,37
2023-03-02,57,35,29,48,37
2023-03-03,57,35,29,48,37
2023-03-06,59,27,52,41,73
2023-03-07,59,27,52,41,73
2023-03-08,59,27,52,41,73
2023-03-09,59,27,52,41,73
2023-03-10,59,27,52,41,73
2023-03-13,39,57,73,44,31
2023-03-14,39,57,73,44,31
2023-03-15,39,57,73,44,31
2023-03-16,39,57,73,44,31
2023-03-17,39,57,73,44,31
2023-03-20,54,31,57,32,42
2023-03-21,54,31,57,32,42
2023-03-22,54,31,57,32,42
2023-03-23,54,31,57,32,42
2023-03-24,54,31,57,32,42
2023-03-27,67,43,32,37,31
2023-03-28,67,43,32,37,31
2023-03-29,67,43,32,37,31
2023-03-30,67,43,32,37,31
2023-03-31,67,43,32,37,31
2023-04-03,44,47,50,52,32
2023-04-04,44,47,50,52,32
2023-04-05,44,47,50,52,32
2023-04-06,44,47,50,52,32
2023-04-10,54,72,66,35,44
2023-04-11,54,72,66,35,44
2023-04-12,54,72,66,35,44
2023-04-13,54,72,66,35,44
2023-04-14,54,72,66,35,44
2023-04-17,44,27,55,64,64
2023-04-18,44,27,55,64,64
2023-04-19,44,27,55,64,64
2023-04-20,44,27,55,64,64
2023-04-21,44,27,55,64,64
2023-04-24,48,77,64,61,70
2023-04-25,48,77,64,61,70
2023-04-26,48,77,64,61,70
2023-04-27,48,77,64,61,70
2023-04-28,48,77,64,61,70
2023-05-01,37,47,43,63,77
2023-05-02,37,47,43,63,77
2023-05-03,37,47,43,63,77
2023-05-04,37,47,43,63,77
2023-05-05,37,47,43,63,77
2023-05-08,65,55,71,21,38
2023-05-09,65,55,71,21,38
2023-05-10,65,55,71,21,38
2023-05-11,65,55,71,21,38
2023-05-12,65,55,71,21,38
2023-05-15,37,45,75,74,74
2023-05-16,37,45,75,74,74
2023-05-17,37,45,75,74,74
2023-05-18,37,45,75,74,74
2023-05-19,37,45,75,74,74
2023-05-22,21,27,34,54,65
2023-05-23,21,27,34,54,65
2023-05-24,21,27,34,54,65
2023-05-25,21,27,34,54,65
2023-05-26,21,27,34,54,65
2023-05-30,73,77,48,61,55
2023-05-31,73,77,48,61,55
2023-06-01,73,77,48,61,55
2023-06-02,73,77,48,61,55
2023-06-05,54,79,27,53,64
2023-06-06,54,79,27,53,64
2023-06-07,54,79,27,53,64
2023-06-08,54,79,27,53,64
2023-06-09,54,79,27,53,64
2023-06-12,35,69,24,49,27
2023-06-13,35,69,24,49,27
2023-06-14,35,69,24,49,27
2023-06-15,35,69,24,49,27
2023-06-16,35,69,24,49,27
2023-06-20,60,47,48,78,48
2023-06-21,60,47,48,78,48
2023-06-22,60,47,48,78,48
2023-06-23,60,47,48,78,48
2023-06-26,55,47,66,74,74
2023-06-27,55,47,66,74,74
2023-06-28,55,47,66,74,74
2023-06-29,55,47,66,74,74
2023-06-30,55,47,66,74,74
2023-07-03,52,56,23,32,72
2023-07-05,52,56,23,32,72
2023-07-06,52,56,23,32,72
2023-07-07,52,56,23,32,72
2023-07-10,23,60,31,32,74
2023-07-11,23,60,31,32,74
2023-07-12,23,60,31,32,74
2023-07-13,23,60,31,32,74
2023-07-14,23,60,31,32,74
2023-07-17,52,55,64,37,51
2023-07-18,52,55,64,37,51
2023-07-19,52,55,64,37,51
2023-07-20,52,55,64,37,51
2023-07-21,52,55,64,37,51
2023-07-24,33,46,21,51,70
2023-07-25,33,46,21,51,70
2023-07-26,33,46,21,51,70
2023-07-27,33,46,21,51,70
2023-07-28,33,46,21,51,70
2023-07-31,40,73,46,51,63
2023-08-01,40,73,46,51,63
2023-08-02,40,73,46,51,63
2023-08-03,40,73,46,51,63
2023-08-04,40,73,46,51,63
2023-08-07,67,36,50,54,37
2023-08-08,67,36,50,54,37
2023-08-09,67,36,50,54,37
2023-08-10,67,36,50,54,37
2023-08-11,67,36,50,54,37
2023-08-14,39,28,70,78,25
2023-08-15,39,28,70,78,25
2023-08-16,39,28,70,78,25
2023-08-17,39,28,70,78,25
2023-08-18,39,28,70,78,25
2023-08-21,75,52,70,58,37
2023-08-22,75,52,70,58,37
2023-08-23,75,52,70,58,37
2023-08-24,75,52,70,58,37
2023-08-25,75,52,70,58,37
2023-08-28,27,72,55,65,38
2023-08-29,27,72,55,65,38
2023-08-30,27,72,55,65,38
2023-08-31,27,72,55,65,38
2023-09-01,27,72,55,65,38
2023-09-05,26,39,55,71,41
2023-09-06,26,39,55,71,41
2023-09-07,26,39,55,71,41
2023-09-08,26,39,55,71,41
2023-09-11,22,32,45,48,56
2023-09-12,22,32,45,48,56
2023-09-13,22,32,45,48,56
2023-09-14,22,32,45,48,56
2023-09-15,22,32,45,48,56
2023-09-18,36,47,62,68,51
2023-09-19,36,47,62,68,51
2023-09-20,36,47,62,68,51
2023-09-21,36,47,62,68,51
2023-09-22,36,47,62,68,51
2023-09-25,52,67,46,48,75
2023-09-26,52,67,46,48,75
2023-09-27,52,67,46,48,75
2023-09-28,52,67,46,48,75
2023-09-29,52,67,46,48,75
2023-10-02,67,48,24,72,60
2023-10-03,67,48,24,72,60
2023-10-04,67,48,24,72,60
2023-10-05,67,48,24,72,60
2023-10-06,67,48,24,72,60
2023-10-09,31,32,39,63,78
2023-10-10,31,32,39,63,78
2023-10-11,31,32,39,63,78
2023-10-12,31,32,39,63,78
2023-10-13,31,32,39,63,78
2023-10-16,78,65,30,76,22
2023-10-17,78,65,30,76,22
2023-10-18,78,65,30,76,22
2023-10-19,78,65,30,76,22
2023-10-20,78,65,30,76,22
2023-10-23,70,54,29,35,47
2023-10-24,70,54,29,35,47
2023-10-25,70,54,29,35,47
2023-10-26,70,54,29,35,47
2023-10-27,70,54,29,35,47
2023-10-30,41,25,59,75,29
2023-10-31,41,25,59,75,29
2023-11-01,41,25,59,75,29
2023-11-02,41,25,59,75,29
2023-11-03,41,25,59,75,29
2023-11-06,74,37,57,63,70
2023-11-07,74,37,57,63,70
2023-11-08,74,37,57,63,70
2023-11-09,74,37,57,63,70
2023-11-10,74,37,57,63,70
2023-11-13,41,70,25,66,54
2023-11-14,41,70,25,66,54
2023-11-15,41,70,25,66,54
2023-11-16,41,70,25,66,54
2023-11-17,41,70,25,66,54
2023-11-20,65,24,27,76,48
2023-11-21,65,24,27,76,48
2023-11-22,65,24,27,76,48
2023-11-24,65,24,27,76,48
2023-11-27,49,66,42,29,73
2023-11-28,49,66,42,29,73
2023-11-29,49,66,42,29,73
2023-11-30,49,66,42,29,73
2023-12-01,49,66,42,29,73
2023-12-04,57,44,66,49,34
2023-12-05,57,44,66,49,34
2023-12-06,57,44,66,49,34
2023-12-07,57,44,66,49,34
2023-12-08,57,44,66,49,34
2023-12-11,57,21,45,44,52
2023-12-12,57,21,45,44,52
2023-12-13,57,21,45,44,52
2023-12-14,57,21,45,44,52
2023-12-15,57,21,45,44,52
2023-12-18,64,29,65,58,26
2023-12-19,64,29,65,58,26
2023-12-20,64,29,65,58,26
2023-12-21,64,29,65,58,26
2023-12-22,64,29,65,58,26
2023-12-26,70,75,62,39,31
2023-12-27,70,75,62,39,31
2023-12-28,70,75,62,39,31
2023-12-29,70,75,62,39,31
2024-01-02,73,49,31,24,68
2024-01-03,73,49,31,24,68
2024-01-04,73,49,31,24,68
2024-01-05,73,49,31,24,68
2024-01-08,27,69,45,20,49
2024-01-09,27,69,45,20,49
2024-01-10,27,69,45,20,49
2024-01-11,27,69,45,20,49
2024-01-12,27,69,45,20,49
2024-01-16,46,78,32,49,40
2024-01-17,46,78,32,49,40
2024-01-18,46,78,32,49,40
2024-01-19,46,78,32,49,40
2024-01-22,46,64,59,68,50
2024-01-23,46,64,59,68,50
2024-01-24,46,64,59,68,50
2024-01-25,46,64,59,68,50
2024-01-26,46,64,59,68,50
2024-01-29,53,24,37,22,77
2024-01-30,53,24,37,22,77
2024-01-31,53,24,37,22,77
2024-02-01,53,24,37,22,77
2024-02-02,53,24,37,22,77
2024-02-05,40,74,44,64,43
2024-02-06,40,74,44,64,43
2024-02-07,40,74,44,64,43
2024-02-08,40,74,44,64,43
2024-02-09,40,74,44,64,43
2024-02-12,49,75,52,33,39
2024-02-13,49,75,52,33,39
2024-02-14,49,75,52,33,39
2024-02-15,49,75,52,33,39
2024-02-16,49,75,52,33,39
2024-02-20,52,52,66,75,56
2024-02-21,52,52,66,75,56
2024-02-22,52,52,66,75,56
2024-02-23,52,52,66,75,56
2024-02-26,47,73,59,49,23
2024-02-27,47,73,59,49,23
2024-02-28,47,73,59,49,23
2024-02-29,47,73,59,49,23
2024-03-01,47,73,59,49,23
2024-03-04,66,20,79,69,47
2024-03-05,66,20,79,69,47
2024-03-06,66,20,79,69,47
2024-03-07,66,20,79,69,47
2024-03-08,66,20,79,69,47
2024-03-11,52,37,62,23,63
2024-03-12,52,37,62,23,63
2024-03-13,52,37,62,23,63
2024-03-14,52,37,62,23,63
2024-03-15,52,37,62,23,63
2024-03-18,24,51,31,37,39
2024-03-19,24,51,31,37,39
2024-03-20,24,51,31,37,39
2024-03-21,24,51,31,37,39
2024-03-22,24,51,31,37,39
2024-03-25,79,66,63,56,79
2024-03-26,79,66,63,56,79
2024-03-27,79,66,63,56,79
2024-03-28,79,66,63,56,79
2024-04-01,67,68,55,44,43
2024-04-02,67,68,55,44,43
2024-04-03,67,68,55,44,43
2024-04-04,67,68,55,44,43
2024-04-05,67,68,55,44,43
2024-04-08,38,30,67,67,69
2024-04-09,38,30,67,67,69
2024-04-10,38,30,67,67,69
2024-04-11,38,30,67,67,69
2024-04-12,38,30,67,67,69
2024-04-15,23,40,23,20,68
2024-04-16,23,40,23,20,68
2024-04-17,23,40,23,20,68
2024-04-18,23,40,23,20,68
2024-04-19,23,40,23,20,68
2024-04-22,54,45,24,72,70
2024-04-23,54,45,24,72,70
2024-04-24,54,45,24,72,70
2024-04-25,54,45,24,72,70
2024-04-26,54,45,24,72,70
2024-04-29,68,44,75,65,51
2024-04-30,68,44,75,65,51
2024-05-01,68,44,75,65,51
2024-05-02,68,44,75,65,51
2024-05-03,68,44,75,65,51
2024-05-06,36,41,56,34,60
2024-05-07,36,41,56,34,60
2024-05-08,36,41,56,34,60
2024-05-09,36,41,56,34,60
2024-05-10,36,41,56,34,60
2024-05-13,63,78,27,28,55
2024-05-14,63,78,27,28,55
2024-05-15,63,78,27,28,55
2024-05-16,63,78,27,28,55
2024-05-17,63,78,27,28,55
2024-05-20,47,46,61,34,77
2024-05-21,47,46,61,34,77
2024-05-22,47,46,61,34,77
2024-05-23,47,46,61,34,77
2024-05-24,47,46,61,34,77
2024-05-28,49,68,68,68,72
2024-05-29,49,68,68,68,72
2024-05-30,49,68,68,68,72
2024-05-31,49,68,68,68,72
2024-06-03,48,32,47,76,53
2024-06-04,48,32,47,76,53
2024-06-05,48,32,47,76,53
2024-06-06,48,32,47,76,53
2024-06-07,48,32,47,76,53
2024-06-10,65,52,50,43,55
2024-06-11,65,52,50,43,55
2024-06-12,65,52,50,43,55
2024-06-13,65,52,50,43,55
2024-06-14,65,52,50,43,55
2024-06-17,72,53,77,23,21
2024-06-18,72,53,77,23,21
2024-06-20,72,53,77,23,21
2024-06-21,72,53,77,23,21
2024-06-24,25,60,28,31,34
2024-06-25,25,60,28,31,34
2024-06-26,25,60,28,31,34
2024-06-27,25,60,28,31,34
2024-06-28,25,60,28,31,34
2024-07-01,54,54,73,78,53
2024-07-02,54,54,73,78,53
2024-07-03,54,54,73,78,53
2024-07-05,54,54,73,78,53
2024-07-08,79,20,70,77,55
2024-07-09,79,20,70,77,55
2024-07-10,79,20,70,77,55
2024-07-11,79,20,70,77,55
2024-07-12,79,20,70,77,55
2024-07-15,60,40,48,56,25
2024-07-16,60,40,48,56,25
2024-07-17,60,40,48,56,25
2024-07-18,60,40,48,56,25
2024-07-19,60,40,48,56,25
2024-07-22,56,67,33,56,58
2024-07-23,56,67,33,56,58
2024-07-24,56,67,33,56,58
2024-07-25,56,67,33,56,58
2024-07-26,56,67,33,56,58
2024-07-29,43,74,59,62,61
2024-07-30,43,74,59,62,61
2024-07-31,43,74,59,62,61
2024-08-01,43,74,59,62,61
2024-08-02,43,74,59,62,61
2024-08-05,48,25,60,79,70
2024-08-06,48,25,60,79,70
2024-08-07,48,25,60,79,70
2024-08-08,48,25,60,79,70
2024-08-09,48,25,60,79,70
2024-08-12,68,47,41,25,70
2024-08-13,68,47,41,25,70
2024-08-14,68,47,41,25,70
2024-08-15,68,47,41,25,70
2024-08-16,68,47,41,25,70
2024-08-19,65,36,30,58,77
2024-08-20,65,36,30,58,77
2024-08-21,65,36,30,58,77
2024-08-22,65,36,30,58,77
2024-08-23,65,36,30,58,77
2024-08-26,72,24,42,75,73
2024-08-27,72,24,42,75,73
2024-08-28,72,24,42,75,73
2024-08-29,72,24,42,75,73
2024-08-30,72,24,42,75,73
2024-09-03,50,50,20,65,31
2024-09-04,50,50,20,65,31
2024-09-05,50,50,20,65,31
2024-09-06,50,50,20,65,31
2024-09-09,54,24,65,43,22
2024-09-10,54,24,65,43,22
2024-09-11,54,24,65,43,22
2024-09-12,54,24,65,43,22
2024-09-13,54,24,65,43,22
2024-09-16,79,57,56,30,64
2024-09-17,79,57,56,30,64
2024-09-18,79,57,56,30,64
2024-09-19,79,57,56,30,64
2024-09-20,79,57,56,30,64
2024-09-23,52,22,40,32,37
2024-09-24,52,22,40,32,37
2024-09-25,52,22,40,32,37
2024-09-26,52,22,40,32,37
2024-09-27,52,22,40,32,37
2024-09-30,71,72,45,53,59
2024-10-01,71,72,45,53,59
2024-10-02,71,72,45,53,59
2024-10-03,71,72,45,53,59
2024-10-04,71,72,45,53,59
2024-10-07,40,42,65,44,40
2024-10-08,40,42,65,44,40
2024-10-09,40,42,65,44,40
2024-10-10,40,42,65,44,40
2024-10-11,40,42,65,44,40
2024-10-14,51,56,55,26,34
2024-10-15,51,56,55,26,34
2024-10-16,51,56,55,26,34
2024-10-17,51,56,55,26,34
2024-10-18,51,56,55,26,34
2024-10-21,42,72,73,71,52
2024-10-22,42,72,73,71,52
2024-10-23,42,72,73,71,52
2024-10-24,42,72,73,71,52
2024-10-25,42,72,73,71,52
2024-10-28,52,56,42,23,54
2024-10-29,52,56,42,23,54
2024-10-30,52,56,42,23,54
2024-10-31,52,56,42,23,54
2024-11-01,52,56,42,23,54
2024-11-04,22,29,76,78,45
2024-11-05,22,29,76,78,45
2024-11-06,22,29,76,78,45
2024-11-07,22,29,76,78,45
2024-11-08,22,29,76,78,45
2024-11-11,37,29,20,27,27
2024-11-12,37,29,20,27,27
2024-11-13,37,29,20,27,27
2024-11-14,37,29,20,27,27
2024-11-15,37,29,20,27,27
2024-11-18,44,38,73,39,55
2024-11-19,44,38,73,39,55
2024-11-20,44,38,73,39,55
2024-11-21,44,38,73,39,55
2024-11-22,44,38,73,39,55
2024-11-25,61,36,74,48,67
2024-11-26,61,36,74,48,67
2024-11-27,61,36,74,48,67
2024-11-29,61,36,74,48,67
2024-12-02,50,40,70,73,49
2024-12-03,50,40,70,73,49
2024-12-04,50,40,70,73,49
2024-12-05,50,40,70,73,49
2024-12-06,50,40,70,73,49
2024-12-09,73,33,59,72,42
2024-12-10,73,33,59,72,42
2024-12-11,73,33,59,72,42
2024-12-12,73,33,59,72,42
2024-12-13,73,33,59,72,42
2024-12-16,77,28,34,70,61
2024-12-17,77,28,34,70,61
2024-12-18,77,28,34,70,61
2024-12-19,77,28,34,70,61
2024-12-20,77,28,34,70,61
2024-12-23,22,65,40,64,63
2024-12-24,22,65,40,64,63
2024-12-26,22,65,40,64,63
2024-12-27,22,65,40,64,63
2024-12-30,59,20,66,65,33
2024-12-31,59,20,66,65,33
2025-01-02,59,20,66,65,33
2025-01-03,59,20,66,65,33
2025-01-06,65,70,28,29,33
2025-01-07,65,70,28,29,33
2025-01-08,65,70,28,29,33
2025-01-10,65,70,28,29,33
2025-01-13,43,64,72,62,21
2025-01-14,43,64,72,62,21
2025-01-15,43,64,72,62,21
2025-01-16,43,64,72,62,21
2025-01-17,43,64,72,62,21
2025-01-21,69,32,28,53,74
2025-01-22,69,32,28,53,74
2025-01-23,69,32,28,53,74
2025-01-24,69,32,28,53,74
2025-01-27,51,23,29,76,56
2025-01-28,51,23,29,76,56
2025-01-29,51,23,29,76,56
2025-01-30,51,23,29,76,56
2025-01-31,51,23,29,76,56
2025-02-03,66,20,71,45,24
2025-02-04,66,20,71,45,24
2025-02-05,66,20,71,45,24
2025-02-06,66,20,71,45,24
2025-02-07,66,20,71,45,24
2025-02-10,41,68,76,60,57
2025-02-11,41,68,76,60,57
2025-02-12,41,68,76,60,57
2025-02-13,41,68,76,60,57
2025-02-14,41,68,76,60,57
2025-02-18,42,59,72,68,64
2025-02-19,42,59,72,68,64
2025-02-20,42,59,72,68,64
2025-02-21,42,59,72,68,64
2025-02-24,21,51,45,77,60
2025-02-25,21,51,45,77,60
2025-02-26,21,51,45,77,60
2025-02-27,21,51,45,77,60
2025-02-28,21,51,45,77,60
2025-03-03,46,53,60,22,73
2025-03-04,46,53,60,22,73
2025-03-05,46,53,60,22,73
2025-03-06,46,53,60,22,73
2025-03-07,46,53,60,22,73
2025-03-10,61,47,54,75,79
2025-03-11,61,47,54,75,79
2025-03-12,61,47,54,75,79
2025-03-13,61,47,54,75,79
2025-03-14,61,47,54,75,79
2025-03-17,21,50,71,25,66
2025-03-18,21,50,71,25,66
2025-03-19,21,50,71,25,66
2025-03-20,21,50,71,25,66
2025-03-21,21,50,71,25,66
2025-03-24,45,27,44,24,33
2025-03-25,45,27,44,24,33
2025-03-26,45,27,44,24,33
2025-03-27,45,27,44,24,33
2025-03-28,45,27,44,24,33
2025-03-31,36,58,45,24,75
2025-04-01,36,58,45,24,75
2025-04-02,36,58,45,24,75
2025-04-03,36,58,45,24,75
2025-04-04,36,58,45,24,75
2025-04-07,59,45,30,73,58
2025-04-08,59,45,30,73,58
2025-04-09,59,45,30,73,58
2025-04-10,59,45,30,73,58
2025-04-11,59,45,30,73,58
2025-04-14,52,77,57,66,44
2025-04-15,52,77,57,66,44
2025-04-16,52,77,57,66,44
2025-04-17,52,77,57,66,44
2025-04-21,28,53,21,42,39
2025-04-22,28,53,21,42,39
2025-04-23,28,53,21,42,39
2025-04-24,28,53,21,42,39
2025-04-25,28,53,21,42,39
2025-04-28,62,73,26,68,21
2025-04-29,62,73,26,68,21
2025-04-30,62,73,26,68,21
2025-05-01,62,73,26,68,21
2025-05-02,62,73,26,68,21
2025-05-05,73,73,37,28,58
2025-05-06,73,73,37,28,58
2025-05-07,73,73,37,28,58
2025-05-08,73,73,37,28,58
2025-05-09,73,73,37,28,58
2025-05-12,67,22,46,54,25
2025-05-13,67,22,46,54,25
2025-05-14,67,22,46,54,25
2025-05-15,67,22,46,54,25
2025-05-16,67,22,46,54,25
2025-05-19,58,78,53,39,36
2025-05-20,58,78,53,39,36
2025-05-21,58,78,53,39,36
2025-05-22,58,78,53,39,36
2025-05-23,58,78,53,39,36
2025-05-27,48,69,46,77,78
2025-05-28,48,69,46,77,78
2025-05-29,48,69,46,77,78
2025-05-30,48,69,46,77,78
2025-06-02,61,31,36,68,44
2025-06-03,61,31,36,68,44
2025-06-04,61,31,36,68,44
2025-06-05,61,31,36,68,44
2025-06-06,61,31,36,68,44
2025-06-09,74,20,62,78,76
2025-06-10,74,20,62,78,76
2025-06-11,74,20,62,78,76
2025-06-12,74,20,62,78,76
2025-06-13,74,20,62,78,76
2025-06-16,45,73,78,61,47
2025-06-17,45,73,78,61,47
2025-06-18,45,73,78,61,47
2025-06-20,45,73,78,61,47
2025-06-23,54,63,63,54,21
2025-06-24,54,63,63,54,21
2025-06-25,54,63,63,54,21
2025-06-26,54,63,63,54,21
2025-06-27,54,63,63,54,21
2025-06-30,69,24,78,69,54
2025-07-01,69,24,78,69,54
2025-07-02,69,24,78,69,54
2025-07-03,69,24,78,69,54
2025-07-07,44,49,70,37,56
2025-07-08,44,49,70,37,56
2025-07-09,44,49,70,37,56
2025-07-10,44,49,70,37,56
2025-07-11,44,49,70,37,56
2025-07-14,43,49,73,36,24
2025-07-15,43,49,73,36,24
2025-07-16,43,49,73,36,24
2025-07-17,43,49,73,36,24
2025-07-18,43,49,73,36,24
2025-07-21,32,78,43,43,20
2025-07-22,32,78,43,43,20
2025-07-23,32,78,43,43,20
2025-07-24,32,78,43,43,20
2025-07-25,32,78,43,43,20
2025-07-28,79,76,44,22,59
2025-07-29,79,76,44,22,59
2025-07-30,79,76,44,22,59
2025-07-31,79,76,44,22,59
2025-08-01,79,76,44,22,59
2025-08-04,77,36,26,51,31
2025-08-05,77,36,26,51,31
2025-08-06,77,36,26,51,31
2025-08-07,77,36,26,51,31
2025-08-08,77,36,26,51,31
2025-08-11,26,67,71,54,75
2025-08-12,26,67,71,54,75
2025-08-13,26,67,71,54,75
2025-08-14,26,67,71,54,75
2025-08-15,26,67,71,54,75
2025-08-18,76,66,25,57,55
2025-08-19,76,66,25,57,55
2025-08-20,76,66,25,57,55
2025-08-21,76,66,25,57,55
2025-08-22,76,66,25,57,55
2025-08-25,55,42,72,32,64
2025-08-26,55,42,72,32,64
2025-08-27,55,42,72,32,64
2025-08-28,55,42,72,32,64
2025-08-29,55,42,72,32,64
2025-09-02,64,34,43,75,42
2025-09-03,64,34,43,75,42
2025-09-04,64,34,43,75,42
2025-09-05,64,34,43,75,42
2025-09-08,39,56,52,66,66
2025-09-09,39,56,52,66,66
2025-09-10,39,56,52,66,66
2025-09-11,39,56,52,66,66
2025-09-12,39,56,52,66,66
2025-09-15,20,40,68,44,50
2025-09-16,20,40,68,44,50
2025-09-17,20,40,68,44,50
2025-09-18,20,40,68,44,50
2025-09-19,20,40,68,44,50
2025-09-22,27,33,48,28,30
2025-09-23,27,33,48,28,30
2025-09-24,27,33,48,28,30
2025-09-25,27,33,48,28,30
2025-09-26,27,33,48,28,30
2025-09-29,65,21,62,23,29
2025-09-30,65,21,62,23,29
2025-10-01,65,21,62,23,29
2025-10-02,65,21,62,23,29
2025-10-03,65,21,62,23,29
2025-10-06,35,30,41,33,22
2025-10-07,35,30,41,33,22
2025-10-08,35,30,41,33,22
2025-10-09,35,30,41,33,22
2025-10-10,35,30,41,33,22
2025-10-13,33,70,45,56,73
2025-10-14,33,70,45,56,73
2025-10-15,33,70,45,56,73
2025-10-16,33,70,45,56,73
2025-10-17,33,70,45,56,73
2025-10-20,31,58,47,53,33
2025-10-21,31,58,47,53,33
2025-10-22,31,58,47,53,33
2025-10-23,31,58,47,53,33
2025-10-24,31,58,47,53,33
2025-10-27,70,57,69,30,35
2025-10-28,70,57,69,30,35
2025-10-29,70,57,69,30,35
2025-10-30,70,57,69,30,35
2025-10-31,70,57,69,30,35
2025-11-03,42,79,40,60,29
2025-11-04,42,79,40,60,29
2025-11-05,42,79,40,60,29
2025-11-06,42,79,40,60,29
2025-11-07,42,79,40,60,29
2025-11-10,34,53,68,75,48
2025-11-11,34,53,68,75,48
2025-11-12,34,53,68,75,48
2025-11-13,34,53,68,75,48
2025-11-14,34,53,68,75,48
2025-11-17,47,57,26,22,29
2025-11-18,47,57,26,22,29
2025-11-19,47,57,26,22,29
2025-11-20,47,57,26,22,29
2025-11-21,47,57,26,22,29
2025-11-24,53,69,36,78,31
2025-11-25,53,69,36,78,31
2025-11-26,53,69,36,78,31
2025-11-28,53,69,36,78,31
2025-12-01,21,53,39,47,49
2025-12-02,21,53,39,47,49
2025-12-03,21,53,39,47,49
2025-12-04,21,53,39,47,49
2025-12-05,21,53,39,47,49
2025-12-08,51,37,60,48,60
2025-12-09,51,37,60,48,60
2025-12-10,51,37,60,48,60
2025-12-11,51,37,60,48,60
2025-12-12,51,37,60,48,60
2025-12-15,42,49,68,28,20
2025-12-16,42,49,68,28,20
2025-12-17,42,49,68,28,20
2025-12-18,42,49,68,28,20
2025-12-19,42,49,68,28,20
2025-12-22,41,34,39,22,24
2025-12-23,41,34,39,22,24
2025-12-24,41,34,39,22,24
2025-12-26,41,34,39,22,24
2025-12-29,70,46,73,44,39
2025-12-30,70,46,73,44,39
