Date,share market,NIFTY,NSE India,stock market India,BSE
2016-01-04,41.0,70.0,20.0,73.0,67.0
2016-01-05,41.0,70.0,20.0,73.0,67.0
2016-01-06,41.0,70.0,20.0,73.0,67.0
2016-01-07,41.0,70.0,20.0,73.0,67.0
2016-01-08,41.0,70.0,20.0,73.0,67.0
2016-01-11,25.0,34.0,39.0,59.0,65.0
2016-01-12,25.0,34.0,39.0,59.0,65.0
2016-01-13,25.0,34.0,39.0,59.0,65.0
2016-01-14,25.0,34.0,39.0,59.0,65.0
2016-01-15,25.0,34.0,39.0,59.0,65.0
2016-01-18,47.0,23.0,42.0,67.0,69.0
2016-01-19,47.0,23.0,42.0,67.0,69.0
2016-01-20,47.0,23.0,42.0,67.0,69.0
2016-01-21,47.0,23.0,42.0,67.0,69.0
2016-01-22,47.0,23.0,42.0,67.0,69.0
2016-01-25,32.0,64.0,68.0,49.0,39.0
2016-01-27,32.0,64.0,68.0,49.0,39.0
2016-01-28,32.0,64.0,68.0,49.0,39.0
2016-01-29,32.0,64.0,68.0,49.0,39.0
2016-02-01,46.0,70.0,33.0,44.0,22.0
2016-02-02,46.0,70.0,33.0,44.0,22.0
2016-02-03,46.0,70.0,33.0,44.0,22.0
2016-02-04,46.0,70.0,33.0,44.0,22.0
2016-02-05,46.0,70.0,33.0,44.0,22.0
2016-02-08,65.0,68.0,79.0,38.0,48.0
2016-02-09,65.0,68.0,79.0,38.0,48.0
2016-02-10,65.0,68.0,79.0,38.0,48.0
2016-02-11,65.0,68.0,79.0,38.0,48.0
2016-02-12,65.0,68.0,79.0,38.0,48.0
2016-02-15,36.0,37.0,74.0,61.0,72.0
2016-02-16,36.0,37.0,74.0,61.0,72.0
2016-02-17,36.0,37.0,74.0,61.0,72.0
2016-02-18,36.0,37.0,74.0,61.0,72.0
2016-02-19,36.0,37.0,74.0,61.0,72.0
2016-02-22,69.0,56.0,35.0,78.0,45.0
2016-02-23,69.0,56.0,35.0,78.0,45.0
2016-02-24,69.0,56.0,35.0,78.0,45.0
2016-02-25,69.0,56.0,35.0,78.0,45.0
2016-02-26,69.0,56.0,35.0,78.0,45.0
2016-02-29,33.0,43.0,55.0,37.0,65.0
2016-03-01,33.0,43.0,55.0,37.0,65.0
2016-03-02,33.0,43.0,55.0,37.0,65.0
2016-03-03,33.0,43.0,55.0,37.0,65.0
2016-03-04,33.0,43.0,55.0,37.0,65.0
2016-03-08,54.0,29.0,35.0,37.0,72.0
2016-03-09,54.0,29.0,35.0,37.0,72.0
2016-03-10,54.0,29.0,35.0,37.0,72.0
2016-03-11,54.0,29.0,35.0,37.0,72.0
2016-03-14,32.0,35.0,52.0,31.0,28.0
2016-03-15,32.0,35.0,52.0,31.0,28.0
2016-03-16,32.0,35.0,52.0,31.0,28.0
2016-03-17,32.0,35.0,52.0,31.0,28.0
2016-03-18,32.0,35.0,52.0,31.0,28.0
2016-03-21,31.0,45.0,72.0,25.0,39.0
2016-03-22,31.0,45.0,72.0,25.0,39.0
2016-03-23,31.0,45.0,72.0,25.0,39.0
2016-03-28,75.0,32.0,38.0,36.0,65.0
2016-03-29,75.0,32.0,38.0,36.0,65.0
2016-03-30,75.0,32.0,38.0,36.0,65.0
2016-03-31,75.0,32.0,38.0,36.0,65.0
2016-04-01,75.0,32.0,38.0,36.0,65.0
2016-04-04,72.0,33.0,77.0,29.0,37.0
2016-04-05,72.0,33.0,77.0,29.0,37.0
2016-04-06,72.0,33.0,77.0,29.0,37.0
2016-04-07,72.0,33.0,77.0,29.0,37.0
2016-04-08,72.0,33.0,77.0,29.0,37.0
2016-04-11,43.0,62.0,47.0,52.0,48.0
2016-04-12,43.0,62.0,47.0,52.0,48.0
2016-04-13,43.0,62.0,47.0,52.0,48.0
2016-04-18,70.0,24.0,28.0,46.0,53.0
2016-04-20,70.0,24.0,28.0,46.0,53.0
2016-04-21,70.0,24.0,28.0,46.0,53.0
2016-04-22,70.0,24.0,28.0,46.0,53.0
2016-04-25,70.0,41.0,21.0,25.0,63.0
2016-04-26,70.0,41.0,21.0,25.0,63.0
2016-04-27,70.0,41.0,21.0,25.0,63.0
2016-04-28,70.0,41.0,21.0,25.0,63.0
2016-04-29,70.0,41.0,21.0,25.0,63.0
2016-05-02,51.0,42.0,27.0,32.0,69.0
2016-05-03,51.0,42.0,27.0,32.0,69.0
2016-05-04,51.0,42.0,27.0,32.0,69.0
2016-05-05,51.0,42.0,27.0,32.0,69.0
2016-05-06,51.0,42.0,27.0,32.0,69.0
2016-05-09,79.0,45.0,29.0,47.0,62.0
2016-05-10,79.0,45.0,29.0,47.0,62.0
2016-05-11,79.0,45.0,29.0,47.0,62.0
2016-05-12,79.0,45.0,29.0,47.0,62.0
2016-05-13,79.0,45.0,29.0,47.0,62.0
2016-05-16,70.0,49.0,60.0,28.0,31.0
2016-05-17,70.0,49.0,60.0,28.0,31.0
2016-05-18,70.0,49.0,60.0,28.0,31.0
2016-05-19,70.0,49.0,60.0,28.0,31.0
2016-05-20,70.0,49.0,60.0,28.0,31.0
2016-05-23,50.0,76.0,77.0,28.0,74.0
2016-05-24,50.0,76.0,77.0,28.0,74.0
2016-05-25,50.0,76.0,77.0,28.0,74.0
2016-05-26,50.0,76.0,77.0,28.0,74.0
2016-05-27,50.0,76.0,77.0,28.0,74.0
2016-05-30,41.0,56.0,62.0,78.0,30.0
2016-05-31,41.0,56.0,62.0,78.0,30.0
2016-06-01,41.0,56.0,62.0,78.0,30.0
2016-06-02,41.0,56.0,62.0,78.0,30.0
2016-06-03,41.0,56.0,62.0,78.0,30.0
2016-06-06,75.0,53.0,63.0,25.0,78.0
2016-06-07,75.0,53.0,63.0,25.0,78.0
2016-06-08,75.0,53.0,63.0,25.0,78.0
2016-06-09,75.0,53.0,63.0,25.0,78.0
2016-06-10,75.0,53.0,63.0,25.0,78.0
2016-06-13,31.0,41.0,76.0,66.0,68.0
2016-06-14,31.0,41.0,76.0,66.0,68.0
2016-06-15,31.0,41.0,76.0,66.0,68.0
2016-06-16,31.0,41.0,76.0,66.0,68.0
2016-06-17,31.0,41.0,76.0,66.0,68.0
2016-06-20,22.0,27.0,71.0,34.0,23.0
2016-06-21,22.0,27.0,71.0,34.0,23.0
2016-06-22,22.0,27.0,71.0,34.0,23.0
2016-06-23,22.0,27.0,71.0,34.0,23.0
2016-06-24,22.0,27.0,71.0,34.0,23.0
2016-06-27,40.0,51.0,64.0,47.0,45.0
2016-06-28,40.0,51.0,64.0,47.0,45.0
2016-06-29,40.0,51.0,64.0,47.0,45.0
2016-06-30,40.0,51.0,64.0,47.0,45.0
2016-07-01,40.0,51.0,64.0,47.0,45.0
2016-07-04,71.0,77.0,71.0,43.0,34.0
2016-07-05,71.0,77.0,71.0,43.0,34.0
2016-07-07,71.0,77.0,71.0,43.0,34.0
2016-07-08,71.0,77.0,71.0,43.0,34.0
2016-07-11,39.0,34.0,55.0,32.0,53.0
2016-07-12,39.0,34.0,55.0,32.0,53.0
2016-07-13,39.0,34.0,55.0,32.0,53.0
2016-07-14,39.0,34.0,55.0,32.0,53.0
2016-07-15,39.0,34.0,55.0,32.0,53.0
2016-07-18,76.0,40.0,41.0,69.0,61.0
2016-07-19,76.0,40.0,41.0,69.0,61.0
2016-07-20,76.0,40.0,41.0,69.0,61.0
2016-07-21,76.0,40.0,41.0,69.0,61.0
2016-07-22,76.0,40.0,41.0,69.0,61.0
2016-07-25,38.0,21.0,69.0,22.0,70.0
2016-07-26,38.0,21.0,69.0,22.0,70.0
2016-07-27,38.0,21.0,69.0,22.0,70.0
2016-07-28,38.0,21.0,69.0,22.0,70.0
2016-07-29,38.0,21.0,69.0,22.0,70.0
2016-08-01,56.0,47.0,68.0,64.0,32.0
2016-08-02,56.0,47.0,68.0,64.0,32.0
2016-08-03,56.0,47.0,68.0,64.0,32.0
2016-08-04,56.0,47.0,68.0,64.0,32.0
2016-08-05,56.0,47.0,68.0,64.0,32.0
2016-08-08,74.0,46.0,21.0,62.0,58.0
2016-08-09,74.0,46.0,21.0,62.0,58.0
2016-08-10,74.0,46.0,21.0,62.0,58.0
2016-08-11,74.0,46.0,21.0,62.0,58.0
2016-08-16,29.0,32.0,71.0,22.0,32.0
2016-08-17,29.0,32.0,71.0,22.0,32.0
2016-08-18,29.0,32.0,71.0,22.0,32.0
2016-08-19,29.0,32.0,71.0,22.0,32.0
2016-08-22,71.0,34.0,66.0,78.0,21.0
2016-08-23,71.0,34.0,66.0,78.0,21.0
2016-08-24,71.0,34.0,66.0,78.0,21.0
2016-08-25,71.0,34.0,66.0,78.0,21.0
2016-08-26,71.0,34.0,66.0,78.0,21.0
2016-08-29,43.0,30.0,67.0,73.0,22.0
2016-08-30,43.0,30.0,67.0,73.0,22.0
2016-08-31,43.0,30.0,67.0,73.0,22.0
2016-09-01,43.0,30.0,67.0,73.0,22.0
2016-09-02,43.0,30.0,67.0,73.0,22.0
2016-09-06,28.0,34.0,40.0,57.0,22.0
2016-09-07,28.0,34.0,40.0,57.0,22.0
2016-09-08,28.0,34.0,40.0,57.0,22.0
2016-09-09,28.0,34.0,40.0,57.0,22.0
2016-09-12,43.0,63.0,44.0,44.0,67.0
2016-09-14,43.0,63.0,44.0,44.0,67.0
2016-09-15,43.0,63.0,44.0,44.0,67.0
2016-09-16,43.0,63.0,44.0,44.0,67.0
2016-09-19,42.0,29.0,29.0,47.0,67.0
2016-09-20,42.0,29.0,29.0,47.0,67.0
2016-09-21,42.0,29.0,29.0,47.0,67.0
2016-09-22,42.0,29.0,29.0,47.0,67.0
2016-09-23,42.0,29.0,29.0,47.0,67.0
2016-09-26,35.0,45.0,73.0,52.0,60.0
2016-09-27,35.0,45.0,73.0,52.0,60.0
2016-09-28,35.0,45.0,73.0,52.0,60.0
2016-09-29,35.0,45.0,73.0,52.0,60.0
2016-09-30,35.0,45.0,73.0,52.0,60.0
2016-10-03,21.0,25.0,38.0,34.0,41.0
2016-10-04,21.0,25.0,38.0,34.0,41.0
2016-10-05,21.0,25.0,38.0,34.0,41.0
2016-10-06,21.0,25.0,38.0,34.0,41.0
2016-10-07,21.0,25.0,38.0,34.0,41.0
2016-10-10,53.0,20.0,32.0,32.0,36.0
2016-10-13,53.0,20.0,32.0,32.0,36.0
2016-10-14,53.0,20.0,32.0,32.0,36.0
2016-10-17,22.0,33.0,75.0,38.0,33.0
2016-10-18,22.0,33.0,75.0,38.0,33.0
2016-10-19,22.0,33.0,75.0,38.0,33.0
2016-10-20,22.0,33.0,75.0,38.0,33.0
2016-10-21,22.0,33.0,75.0,38.0,33.0
2016-10-24,44.0,74.0,24.0,24.0,22.0
2016-10-25,44.0,74.0,24.0,24.0,22.0
2016-10-26,44.0,74.0,24.0,24.0,22.0
2016-10-27,44.0,74.0,24.0,24.0,22.0
2016-10-28,44.0,74.0,24.0,24.0,22.0
2016-11-01,44.0,46.0,72.0,50.0,33.0
2016-11-02,44.0,46.0,72.0,50.0,33.0
2016-11-03,44.0,46.0,72.0,50.0,33.0
2016-11-04,44.0,46.0,72.0,50.0,33.0
2016-11-07,56.0,63.0,68.0,34.0,77.0
2016-11-08,56.0,63.0,68.0,34.0,77.0
2016-11-09,56.0,63.0,68.0,34.0,77.0
2016-11-10,56.0,63.0,68.0,34.0,77.0
2016-11-11,56.0,63.0,68.0,34.0,77.0
2016-11-15,60.0,66.0,20.0,41.0,30.0
2016-11-16,60.0,66.0,20.0,41.0,30.0
2016-11-17,60.0,66.0,20.0,41.0,30.0
2016-11-18,60.0,66.0,20.0,41.0,30.0
2016-11-21,37.0,45.0,59.0,36.0,39.0
2016-11-22,37.0,45.0,59.0,36.0,39.0
2016-11-23,37.0,45.0,59.0,36.0,39.0
2016-11-24,37.0,45.0,59.0,36.0,39.0
2016-11-25,37.0,45.0,59.0,36.0,39.0
2016-11-28,56.0,54.0,34.0,43.0,66.0
2016-11-29,56.0,54.0,34.0,43.0,66.0
2016-11-30,56.0,54.0,34.0,43.0,66.0
2016-12-01,56.0,54.0,34.0,43.0,66.0
2016-12-02,56.0,54.0,34.0,43.0,66.0
2016-12-05,49.0,76.0,78.0,44.0,66.0
2016-12-06,49.0,76.0,78.0,44.0,66.0
2016-12-07,49.0,76.0,78.0,44.0,66.0
2016-12-08,49.0,76.0,78.0,44.0,66.0
2016-12-09,49.0,76.0,78.0,44.0,66.0
2016-12-12,57.0,56.0,56.0,61.0,28.0
2016-12-13,57.0,56.0,56.0,61.0,28.0
2016-12-14,57.0,56.0,56.0,61.0,28.0
2016-12-15,57.0,56.0,56.0,61.0,28.0
2016-12-16,57.0,56.0,56.0,61.0,28.0
2016-12-19,79.0,27.0,63.0,64.0,41.0
2016-12-20,79.0,27.0,63.0,64.0,41.0
2016-12-21,79.0,27.0,63.0,64.0,41.0
2016-12-22,79.0,27.0,63.0,64.0,41.0
2016-12-23,79.0,27.0,63.0,64.0,41.0
2016-12-26,52.0,78.0,21.0,51.0,34.0
2016-12-27,52.0,78.0,21.0,51.0,34.0
2016-12-28,52.0,78.0,21.0,51.0,34.0
2016-12-29,52.0,78.0,21.0,51.0,34.0
2016-12-30,52.0,78.0,21.0,51.0,34.0
2017-01-02,56.0,31.0,45.0,27.0,39.0
2017-01-03,56.0,31.0,45.0,27.0,39.0
2017-01-04,56.0,31.0,45.0,27.0,39.0
2017-01-05,56.0,31.0,45.0,27.0,39.0
2017-01-06,56.0,31.0,45.0,27.0,39.0
2017-01-09,58.0,60.0,45.0,57.0,48.0
2017-01-10,58.0,60.0,45.0,57.0,48.0
2017-01-11,58.0,60.0,45.0,57.0,48.0
2017-01-12,58.0,60.0,45.0,57.0,48.0
2017-01-13,58.0,60.0,45.0,57.0,48.0
2017-01-16,49.0,66.0,70.0,77.0,27.0
2017-01-17,49.0,66.0,70.0,77.0,27.0
2017-01-18,49.0,66.0,70.0,77.0,27.0
2017-01-19,49.0,66.0,70.0,77.0,27.0
2017-01-20,49.0,66.0,70.0,77.0,27.0
2017-01-23,75.0,44.0,77.0,74.0,68.0
2017-01-24,75.0,44.0,77.0,74.0,68.0
2017-01-25,75.0,44.0,77.0,74.0,68.0
2017-01-27,75.0,44.0,77.0,74.0,68.0
2017-01-30,78.0,79.0,44.0,74.0,44.0
2017-01-31,78.0,79.0,44.0,74.0,44.0
2017-02-01,78.0,79.0,44.0,74.0,44.0
2017-02-02,78.0,79.0,44.0,74.0,44.0
2017-02-03,78.0,79.0,44.0,74.0,44.0
2017-02-06,72.0,46.0,75.0,29.0,20.0
2017-02-07,72.0,46.0,75.0,29.0,20.0
2017-02-08,72.0,46.0,75.0,29.0,20.0
2017-02-09,72.0,46.0,75.0,29.0,20.0
2017-02-10,72.0,46.0,75.0,29.0,20.0
2017-02-13,33.0,43.0,48.0,49.0,66.0
2017-02-14,33.0,43.0,48.0,49.0,66.0
2017-02-15,33.0,43.0,48.0,49.0,66.0
2017-02-16,33.0,43.0,48.0,49.0,66.0
2017-02-17,33.0,43.0,48.0,49.0,66.0
2017-02-20,71.0,66.0,52.0,70.0,79.0
2017-02-21,71.0,66.0,52.0,70.0,79.0
2017-02-22,71.0,66.0,52.0,70.0,79.0
2017-02-23,71.0,66.0,52.0,70.0,79.0
2017-02-27,58.0,42.0,75.0,36.0,49.0
2017-02-28,58.0,42.0,75.0,36.0,49.0
2017-03-01,58.0,42.0,75.0,36.0,49.0
2017-03-02,58.0,42.0,75.0,36.0,49.0
2017-03-03,58.0,42.0,75.0,36.0,49.0
2017-03-06,77.0,39.0,55.0,65.0,57.0
2017-03-07,77.0,39.0,55.0,65.0,57.0
2017-03-08,77.0,39.0,55.0,65.0,57.0
2017-03-09,77.0,39.0,55.0,65.0,57.0
2017-03-10,77.0,39.0,55.0,65.0,57.0
2017-03-14,60.0,24.0,46.0,66.0,45.0
2017-03-15,60.0,24.0,46.0,66.0,45.0
2017-03-16,60.0,24.0,46.0,66.0,45.0
2017-03-17,60.0,24.0,46.0,66.0,45.0
2017-03-20,35.0,34.0,75.0,77.0,23.0
2017-03-21,35.0,34.0,75.0,77.0,23.0
2017-03-22,35.0,34.0,75.0,77.0,23.0
2017-03-23,35.0,34.0,75.0,77.0,23.0
2017-03-24,35.0,34.0,75.0,77.0,23.0
2017-03-27,64.0,53.0,78.0,60.0,75.0
2017-03-28,64.0,53.0,78.0,60.0,75.0
2017-03-29,64.0,53.0,78.0,60.0,75.0
2017-03-30,64.0,53.0,78.0,60.0,75.0
2017-03-31,64.0,53.0,78.0,60.0,75.0
2017-04-03,49.0,38.0,44.0,51.0,77.0
2017-04-05,49.0,38.0,44.0,51.0,77.0
2017-04-06,49.0,38.0,44.0,51.0,77.0
2017-04-07,49.0,38.0,44.0,51.0,77.0
2017-04-10,47.0,23.0,59.0,43.0,24.0
2017-04-11,47.0,23.0,59.0,43.0,24.0
2017-04-12,47.0,23.0,59.0,43.0,24.0
2017-04-13,47.0,23.0,59.0,43.0,24.0
2017-04-17,30.0,49.0,26.0,74.0,68.0
2017-04-18,30.0,49.0,26.0,74.0,68.0
2017-04-19,30.0,49.0,26.0,74.0,68.0
2017-04-20,30.0,49.0,26.0,74.0,68.0
2017-04-21,30.0,49.0,26.0,74.0,68.0
2017-04-24,39.0,68.0,25.0,60.0,78.0
2017-04-25,39.0,68.0,25.0,60.0,78.0
2017-04-26,39.0,68.0,25.0,60.0,78.0
2017-04-27,39.0,68.0,25.0,60.0,78.0
2017-04-28,39.0,68.0,25.0,60.0,78.0
2017-05-02,38.0,58.0,24.0,35.0,34.0
2017-05-03,38.0,58.0,24.0,35.0,34.0
2017-05-04,38.0,58.0,24.0,35.0,34.0
2017-05-05,38.0,58.0,24.0,35.0,34.0
2017-05-08,64.0,37.0,20.0,35.0,35.0
2017-05-09,64.0,37.0,20.0,35.0,35.0
2017-05-10,64.0,37.0,20.0,35.0,35.0
2017-05-11,64.0,37.0,20.0,35.0,35.0
2017-05-12,64.0,37.0,20.0,35.0,35.0
2017-05-15,37.0,75.0,31.0,35.0,30.0
2017-05-16,37.0,75.0,31.0,35.0,30.0
2017-05-17,37.0,75.0,31.0,35.0,30.0
2017-05-18,37.0,75.0,31.0,35.0,30.0
2017-05-19,37.0,75.0,31.0,35.0,30.0
2017-05-22,32.0,20.0,55.0,31.0,24.0
2017-05-23,32.0,20.0,55.0,31.0,24.0
2017-05-24,32.0,20.0,55.0,31.0,24.0
2017-05-25,32.0,20.0,55.0,31.0,24.0
2017-05-26,32.0,20.0,55.0,31.0,24.0
2017-05-29,40.0,35.0,79.0,78.0,52.0
2017-05-30,40.0,35.0,79.0,78.0,52.0
2017-05-31,40.0,35.0,79.0,78.0,52.0
2017-06-01,40.0,35.0,79.0,78.0,52.0
2017-06-02,40.0,35.0,79.0,78.0,52.0
2017-06-05,47.0,25.0,20.0,30.0,40.0
2017-06-06,47.0,25.0,20.0,30.0,40.0
2017-06-07,47.0,25.0,20.0,30.0,40.0
2017-06-08,47.0,25.0,20.0,30.0,40.0
2017-06-09,47.0,25.0,20.0,30.0,40.0
2017-06-12,63.0,59.0,27.0,69.0,79.0
2017-06-13,63.0,59.0,27.0,69.0,79.0
2017-06-14,63.0,59.0,27.0,69.0,79.0
2017-06-15,63.0,59.0,27.0,69.0,79.0
2017-06-16,63.0,59.0,27.0,69.0,79.0
2017-06-19,22.0,33.0,28.0,64.0,26.0
2017-06-20,22.0,33.0,28.0,64.0,26.0
2017-06-21,22.0,33.0,28.0,64.0,26.0
2017-06-22,22.0,33.0,28.0,64.0,26.0
2017-06-23,22.0,33.0,28.0,64.0,26.0
2017-06-27,79.0,56.0,32.0,55.0,55.0
2017-06-28,79.0,56.0,32.0,55.0,55.0
2017-06-29,79.0,56.0,32.0,55.0,55.0
2017-06-30,79.0,56.0,32.0,55.0,55.0
2017-07-03,79.0,41.0,77.0,59.0,49.0
2017-07-04,79.0,41.0,77.0,59.0,49.0
2017-07-05,79.0,41.0,77.0,59.0,49.0
2017-07-06,79.0,41.0,77.0,59.0,49.0
2017-07-07,79.0,41.0,77.0,59.0,49.0
2017-07-10,32.0,32.0,62.0,59.0,61.0
2017-07-11,32.0,32.0,62.0,59.0,61.0
2017-07-12,32.0,32.0,62.0,59.0,61.0
2017-07-13,32.0,32.0,62.0,59.0,61.0
2017-07-14,32.0,32.0,62.0,59.0,61.0
2017-07-17,43.0,39.0,34.0,78.0,79.0
2017-07-18,43.0,39.0,34.0,78.0,79.0
2017-07-19,43.0,39.0,34.0,78.0,79.0
2017-07-20,43.0,39.0,34.0,78.0,79.0
2017-07-21,43.0,39.0,34.0,78.0,79.0
2017-07-24,52.0,71.0,64.0,37.0,74.0
2017-07-25,52.0,71.0,64.0,37.0,74.0
2017-07-26,52.0,71.0,64.0,37.0,74.0
2017-07-27,52.0,71.0,64.0,37.0,74.0
2017-07-28,52.0,71.0,64.0,37.0,74.0
2017-07-31,39.0,40.0,24.0,28.0,56.0
2017-08-01,39.0,40.0,24.0,28.0,56.0
2017-08-02,39.0,40.0,24.0,28.0,56.0
2017-08-03,39.0,40.0,24.0,28.0,56.0
2017-08-04,39.0,40.0,24.0,28.0,56.0
2017-08-07,38.0,68.0,25.0,41.0,22.0
2017-08-08,38.0,68.0,25.0,41.0,22.0
2017-08-09,38.0,68.0,25.0,41.0,22.0
2017-08-10,38.0,68.0,25.0,41.0,22.0
2017-08-11,38.0,68.0,25.0,41.0,22.0
2017-08-14,79.0,40.0,77.0,25.0,44.0
2017-08-16,79.0,40.0,77.0,25.0,44.0
2017-08-17,79.0,40.0,77.0,25.0,44.0
2017-08-18,79.0,40.0,77.0,25.0,44.0
2017-08-21,46.0,69.0,63.0,62.0,63.0
2017-08-22,46.0,69.0,63.0,62.0,63.0
2017-08-23,46.0,69.0,63.0,62.0,63.0
2017-08-24,46.0,69.0,63.0,62.0,63.0
2017-08-28,69.0,76.0,63.0,58.0,60.0
2017-08-29,69.0,76.0,63.0,58.0,60.0
2017-08-30,69.0,76.0,63.0,58.0,60.0
2017-08-31,69.0,76.0,63.0,58.0,60.0
2017-09-01,69.0,76.0,63.0,58.0,60.0
2017-09-04,63.0,50.0,37.0,37.0,27.0
2017-09-05,63.0,50.0,37.0,37.0,27.0
2017-09-06,63.0,50.0,37.0,37.0,27.0
2017-09-07,63.0,50.0,37.0,37.0,27.0
2017-09-08,63.0,50.0,37.0,37.0,27.0
2017-09-11,57.0,67.0,72.0,29.0,52.0
2017-09-12,57.0,67.0,72.0,29.0,52.0
2017-09-13,57.0,67.0,72.0,29.0,52.0
2017-09-14,57.0,67.0,72.0,29.0,52.0
2017-09-15,57.0,67.0,72.0,29.0,52.0
2017-09-18,25.0,79.0,69.0,53.0,47.0
2017-09-19,25.0,79.0,69.0,53.0,47.0
2017-09-20,25.0,79.0,69.0,53.0,47.0
2017-09-21,25.0,79.0,69.0,53.0,47.0
2017-09-22,25.0,79.0,69.0,53.0,47.0
2017-09-25,65.0,79.0,57.0,76.0,48.0
2017-09-26,65.0,79.0,57.0,76.0,48.0
2017-09-27,65.0,79.0,57.0,76.0,48.0
2017-09-28,65.0,79.0,57.0,76.0,48.0
2017-09-29,65.0,79.0,57.0,76.0,48.0
2017-10-03,67.0,35.0,48.0,72.0,64.0
2017-10-04,67.0,35.0,48.0,72.0,64.0
2017-10-05,67.0,35.0,48.0,72.0,64.0
2017-10-06,67.0,35.0,48.0,72.0,64.0
2017-10-09,70.0,35.0,69.0,72.0,65.0
2017-10-10,70.0,35.0,69.0,72.0,65.0
2017-10-11,70.0,35.0,69.0,72.0,65.0
2017-10-12,70.0,35.0,69.0,72.0,65.0
2017-10-13,70.0,35.0,69.0,72.0,65.0
2017-10-16,57.0,79.0,65.0,28.0,52.0
2017-10-17,57.0,79.0,65.0,28.0,52.0
2017-10-18,57.0,79.0,65.0,28.0,52.0
2017-10-19,57.0,79.0,65.0,28.0,52.0
2017-10-23,38.0,22.0,45.0,37.0,46.0
2017-10-24,38.0,22.0,45.0,37.0,46.0
2017-10-25,38.0,22.0,45.0,37.0,46.0
2017-10-26,38.0,22.0,45.0,37.0,46.0
2017-10-27,38.0,22.0,45.0,37.0,46.0
2017-10-30,64.0,40.0,24.0,63.0,44.0
2017-10-31,64.0,40.0,24.0,63.0,44.0
2017-11-01,64.0,40.0,24.0,63.0,44.0
2017-11-02,64.0,40.0,24.0,63.0,44.0
2017-11-03,64.0,40.0,24.0,63.0,44.0
2017-11-06,54.0,62.0,27.0,47.0,37.0
2017-11-07,54.0,62.0,27.0,47.0,37.0
2017-11-08,54.0,62.0,27.0,47.0,37.0
2017-11-09,54.0,62.0,27.0,47.0,37.0
2017-11-10,54.0,62.0,27.0,47.0,37.0
2017-11-13,44.0,36.0,27.0,68.0,40.0
2017-11-14,44.0,36.0,27.0,68.0,40.0
2017-11-15,44.0,36.0,27.0,68.0,40.0
2017-11-16,44.0,36.0,27.0,68.0,40.0
2017-11-17,44.0,36.0,27.0,68.0,40.0
2017-11-20,70.0,54.0,76.0,75.0,27.0
2017-11-21,70.0,54.0,76.0,75.0,27.0
2017-11-22,70.0,54.0,76.0,75.0,27.0
2017-11-23,70.0,54.0,76.0,75.0,27.0
2017-11-24,70.0,54.0,76.0,75.0,27.0
2017-11-27,64.0,49.0,41.0,23.0,62.0
2017-11-28,64.0,49.0,41.0,23.0,62.0
2017-11-29,64.0,49.0,41.0,23.0,62.0
2017-11-30,64.0,49.0,41.0,23.0,62.0
2017-12-01,64.0,49.0,41.0,23.0,62.0
2017-12-04,38.0,68.0,48.0,73.0,25.0
2017-12-05,38.0,68.0,48.0,73.0,25.0
2017-12-06,38.0,68.0,48.0,73.0,25.0
2017-12-07,38.0,68.0,48.0,73.0,25.0
2017-12-08,38.0,68.0,48.0,73.0,25.0
2017-12-11,60.0,52.0,35.0,74.0,37.0
2017-12-12,60.0,52.0,35.0,74.0,37.0
2017-12-13,60.0,52.0,35.0,74.0,37.0
2017-12-14,60.0,52.0,35.0,74.0,37.0
2017-12-15,60.0,52.0,35.0,74.0,37.0
2017-12-18,37.0,31.0,28.0,31.0,35.0
2017-12-19,37.0,31.0,28.0,31.0,35.0
2017-12-20,37.0,31.0,28.0,31.0,35.0
2017-12-21,37.0,31.0,28.0,31.0,35.0
2017-12-22,37.0,31.0,28.0,31.0,35.0
2017-12-26,61.0,77.0,45.0,43.0,57.0
2017-12-27,61.0,77.0,45.0,43.0,57.0
2017-12-28,61.0,77.0,45.0,43.0,57.0
2017-12-29,61.0,77.0,45.0,43.0,57.0
2018-01-02,48.0,73.0,53.0,68.0,56.0
2018-01-03,48.0,73.0,53.0,68.0,56.0
2018-01-04,48.0,73.0,53.0,68.0,56.0
2018-01-05,48.0,73.0,53.0,68.0,56.0
2018-01-08,67.0,58.0,72.0,57.0,33.0
2018-01-09,67.0,58.0,72.0,57.0,33.0
2018-01-10,67.0,58.0,72.0,57.0,33.0
2018-01-11,67.0,58.0,72.0,57.0,33.0
2018-01-12,67.0,58.0,72.0,57.0,33.0
2018-01-15,69.0,78.0,56.0,70.0,40.0
2018-01-16,69.0,78.0,56.0,70.0,40.0
2018-01-17,69.0,78.0,56.0,70.0,40.0
2018-01-18,69.0,78.0,56.0,70.0,40.0
2018-01-19,69.0,78.0,56.0,70.0,40.0
2018-01-22,40.0,72.0,45.0,59.0,65.0
2018-01-23,40.0,72.0,45.0,59.0,65.0
2018-01-24,40.0,72.0,45.0,59.0,65.0
2018-01-25,40.0,72.0,45.0,59.0,65.0
2018-01-29,34.0,47.0,30.0,56.0,46.0
2018-01-30,34.0,47.0,30.0,56.0,46.0
2018-01-31,34.0,47.0,30.0,56.0,46.0
2018-02-01,34.0,47.0,30.0,56.0,46.0
2018-02-02,34.0,47.0,30.0,56.0,46.0
2018-02-05,56.0,35.0,71.0,50.0,77.0
2018-02-06,56.0,35.0,71.0,50.0,77.0
2018-02-07,56.0,35.0,71.0,50.0,77.0
2018-02-08,56.0,35.0,71.0,50.0,77.0
2018-02-09,56.0,35.0,71.0,50.0,77.0
2018-02-12,75.0,60.0,31.0,68.0,37.0
2018-02-14,75.0,60.0,31.0,68.0,37.0
2018-02-15,75.0,60.0,31.0,68.0,37.0
2018-02-16,75.0,60.0,31.0,68.0,37.0
2018-02-19,50.0,42.0,29.0,33.0,44.0
2018-02-20,50.0,42.0,29.0,33.0,44.0
2018-02-21,50.0,42.0,29.0,33.0,44.0
2018-02-22,50.0,42.0,29.0,33.0,44.0
2018-02-23,50.0,42.0,29.0,33.0,44.0
2018-02-26,49.0,70.0,42.0,73.0,20.0
2018-02-27,49.0,70.0,42.0,73.0,20.0
2018-02-28,49.0,70.0,42.0,73.0,20.0
2018-03-01,49.0,70.0,42.0,73.0,20.0
2018-03-05,22.0,73.0,52.0,35.0,68.0
2018-03-06,22.0,73.0,52.0,35.0,68.0
2018-03-07,22.0,73.0,52.0,35.0,68.0
2018-03-08,22.0,73.0,52.0,35.0,68.0
2018-03-09,22.0,73.0,52.0,35.0,68.0
2018-03-12,77.0,28.0,50.0,68.0,67.0
2018-03-13,77.0,28.0,50.0,68.0,67.0
2018-03-14,77.0,28.0,50.0,68.0,67.0
2018-03-15,77.0,28.0,50.0,68.0,67.0
2018-03-16,77.0,28.0,50.0,68.0,67.0
2018-03-19,42.0,56.0,26.0,27.0,69.0
2018-03-20,42.0,56.0,26.0,27.0,69.0
2018-03-21,42.0,56.0,26.0,27.0,69.0
2018-03-22,42.0,56.0,26.0,27.0,69.0
2018-03-23,42.0,56.0,26.0,27.0,69.0
2018-03-26,43.0,70.0,46.0,28.0,25.0
2018-03-27,43.0,70.0,46.0,28.0,25.0
2018-03-28,43.0,70.0,46.0,28.0,25.0
2018-04-02,22.0,79.0,41.0,70.0,24.0
2018-04-03,22.0,79.0,41.0,70.0,24.0
2018-04-04,22.0,79.0,41.0,70.0,24.0
2018-04-05,22.0,79.0,41.0,70.0,24.0
2018-04-06,22.0,79.0,41.0,70.0,24.0
2018-04-09,70.0,45.0,66.0,53.0,46.0
2018-04-10,70.0,45.0,66.0,53.0,46.0
2018-04-11,70.0,45.0,66.0,53.0,46.0
2018-04-12,70.0,45.0,66.0,53.0,46.0
2018-04-13,70.0,45.0,66.0,53.0,46.0
2018-04-16,36.0,76.0,72.0,54.0,64.0
2018-04-17,36.0,76.0,72.0,54.0,64.0
2018-04-18,36.0,76.0,72.0,54.0,64.0
2018-04-19,36.0,76.0,72.0,54.0,64.0
2018-04-20,36.0,76.0,72.0,54.0,64.0
2018-04-23,31.0,71.0,24.0,60.0,46.0
2018-04-24,31.0,71.0,24.0,60.0,46.0
2018-04-25,31.0,71.0,24.0,60.0,46.0
2018-04-26,31.0,71.0,24.0,60.0,46.0
2018-04-27,31.0,71.0,24.0,60.0,46.0
2018-04-30,74.0,66.0,25.0,64.0,36.0
2018-05-02,74.0,66.0,25.0,64.0,36.0
2018-05-03,74.0,66.0,25.0,64.0,36.0
2018-05-04,74.0,66.0,25.0,64.0,36.0
2018-05-07,60.0,65.0,68.0,29.0,69.0
2018-05-08,60.0,65.0,68.0,29.0,69.0
2018-05-09,60.0,65.0,68.0,29.0,69.0
2018-05-10,60.0,65.0,68.0,29.0,69.0
2018-05-11,60.0,65.0,68.0,29.0,69.0
2018-05-14,36.0,31.0,53.0,22.0,54.0
2018-05-15,36.0,31.0,53.0,22.0,54.0
2018-05-16,36.0,31.0,53.0,22.0,54.0
2018-05-17,36.0,31.0,53.0,22.0,54.0
2018-05-18,36.0,31.0,53.0,22.0,54.0
2018-05-21,24.0,21.0,31.0,25.0,23.0
2018-05-22,24.0,21.0,31.0,25.0,23.0
2018-05-23,24.0,21.0,31.0,25.0,23.0
2018-05-24,24.0,21.0,31.0,25.0,23.0
2018-05-25,24.0,21.0,31.0,25.0,23.0
2018-05-28,55.0,74.0,76.0,23.0,23.0
2018-05-29,55.0,74.0,76.0,23.0,23.0
2018-05-30,55.0,74.0,76.0,23.0,23.0
2018-05-31,55.0,74.0,76.0,23.0,23.0
2018-06-01,55.0,74.0,76.0,23.0,23.0
2018-06-04,52.0,34.0,52.0,64.0,59.0
2018-06-05,52.0,34.0,52.0,64.0,59.0
2018-06-06,52.0,34.0,52.0,64.0,59.0
2018-06-07,52.0,34.0,52.0,64.0,59.0
2018-06-08,52.0,34.0,52.0,64.0,59.0
2018-06-11,46.0,79.0,60.0,32.0,77.0
2018-06-12,46.0,79.0,60.0,32.0,77.0
2018-06-13,46.0,79.0,60.0,32.0,77.0
2018-06-14,46.0,79.0,60.0,32.0,77.0
2018-06-15,46.0,79.0,60.0,32.0,77.0
2018-06-18,53.0,30.0,27.0,65.0,52.0
2018-06-19,53.0,30.0,27.0,65.0,52.0
2018-06-20,53.0,30.0,27.0,65.0,52.0
2018-06-21,53.0,30.0,27.0,65.0,52.0
2018-06-22,53.0,30.0,27.0,65.0,52.0
2018-06-25,35.0,36.0,25.0,66.0,50.0
2018-06-26,35.0,36.0,25.0,66.0,50.0
2018-06-27,35.0,36.0,25.0,66.0,50.0
2018-06-28,35.0,36.0,25.0,66.0,50.0
2018-06-29,35.0,36.0,25.0,66.0,50.0
2018-07-02,79.0,71.0,55.0,74.0,47.0
2018-07-03,79.0,71.0,55.0,74.0,47.0
2018-07-04,79.0,71.0,55.0,74.0,47.0
2018-07-05,79.0,71.0,55.0,74.0,47.0
2018-07-06,79.0,71.0,55.0,74.0,47.0
2018-07-09,51.0,26.0,41.0,42.0,30.0
2018-07-10,51.0,26.0,41.0,42.0,30.0
2018-07-11,51.0,26.0,41.0,42.0,30.0
2018-07-12,51.0,26.0,41.0,42.0,30.0
2018-07-13,51.0,26.0,41.0,42.0,30.0
2018-07-16,25.0,69.0,23.0,56.0,32.0
2018-07-17,25.0,69.0,23.0,56.0,32.0
2018-07-18,25.0,69.0,23.0,56.0,32.0
2018-07-19,25.0,69.0,23.0,56.0,32.0
2018-07-20,25.0,69.0,23.0,56.0,32.0
2018-07-23,72.0,26.0,59.0,45.0,66.0
2018-07-24,72.0,26.0,59.0,45.0,66.0
2018-07-25,72.0,26.0,59.0,45.0,66.0
2018-07-26,72.0,26.0,59.0,45.0,66.0
2018-07-27,72.0,26.0,59.0,45.0,66.0
2018-07-30,31.0,47.0,20.0,33.0,77.0
2018-07-31,31.0,47.0,20.0,33.0,77.0
2018-08-01,31.0,47.0,20.0,33.0,77.0
2018-08-02,31.0,47.0,20.0,33.0,77.0
2018-08-03,31.0,47.0,20.0,33.0,77.0
2018-08-06,32.0,61.0,46.0,64.0,21.0
2018-08-07,32.0,61.0,46.0,64.0,21.0
2018-08-08,32.0,61.0,46.0,64.0,21.0
2018-08-09,32.0,61.0,46.0,64.0,21.0
2018-08-10,32.0,61.0,46.0,64.0,21.0
2018-08-13,32.0,70.0,50.0,45.0,66.0
2018-08-14,32.0,70.0,50.0,45.0,66.0
2018-08-16,32.0,70.0,50.0,45.0,66.0
2018-08-17,32.0,70.0,50.0,45.0,66.0
2018-08-20,45.0,49.0,75.0,57.0,32.0
2018-08-21,45.0,49.0,75.0,57.0,32.0
2018-08-23,45.0,49.0,75.0,57.0,32.0
2018-08-24,45.0,49.0,75.0,57.0,32.0
2018-08-27,30.0,39.0,22.0,44.0,48.0
2018-08-28,30.0,39.0,22.0,44.0,48.0
2018-08-29,30.0,39.0,22.0,44.0,48.0
2018-08-30,30.0,39.0,22.0,44.0,48.0
2018-08-31,30.0,39.0,22.0,44.0,48.0
2018-09-03,40.0,39.0,25.0,41.0,66.0
2018-09-04,40.0,39.0,25.0,41.0,66.0
2018-09-05,40.0,39.0,25.0,41.0,66.0
2018-09-06,40.0,39.0,25.0,41.0,66.0
2018-09-07,40.0,39.0,25.0,41.0,66.0
2018-09-10,26.0,29.0,73.0,45.0,21.0
2018-09-11,26.0,29.0,73.0,45.0,21.0
2018-09-12,26.0,29.0,73.0,45.0,21.0
2018-09-14,26.0,29.0,73.0,45.0,21.0
2018-09-17,26.0,22.0,43.0,30.0,42.0
2018-09-18,26.0,22.0,43.0,30.0,42.0
2018-09-19,26.0,22.0,43.0,30.0,42.0
2018-09-21,26.0,22.0,43.0,30.0,42.0
2018-09-24,72.0,52.0,67.0,72.0,54.0
2018-09-25,72.0,52.0,67.0,72.0,54.0
2018-09-26,72.0,52.0,67.0,72.0,54.0
2018-09-27,72.0,52.0,67.0,72.0,54.0
2018-09-28,72.0,52.0,67.0,72.0,54.0
2018-10-01,67.0,45.0,35.0,71.0,51.0
2018-10-03,67.0,45.0,35.0,71.0,51.0
2018-10-04,67.0,45.0,35.0,71.0,51.0
2018-10-05,67.0,45.0,35.0,71.0,51.0
2018-10-08,70.0,27.0,27.0,71.0,51.0
2018-10-09,70.0,27.0,27.0,71.0,51.0
2018-10-10,70.0,27.0,27.0,71.0,51.0
2018-10-11,70.0,27.0,27.0,71.0,51.0
2018-10-12,70.0,27.0,27.0,71.0,51.0
2018-10-15,71.0,31.0,45.0,47.0,26.0
2018-10-16,71.0,31.0,45.0,47.0,26.0
2018-10-17,71.0,31.0,45.0,47.0,26.0
2018-10-19,71.0,31.0,45.0,47.0,26.0
2018-10-22,31.0,70.0,38.0,22.0,21.0
2018-10-23,31.0,70.0,38.0,22.0,21.0
2018-10-24,31.0,70.0,38.0,22.0,21.0
2018-10-25,31.0,70.0,38.0,22.0,21.0
2018-10-26,31.0,70.0,38.0,22.0,21.0
2018-10-29,74.0,41.0,54.0,36.0,28.0
2018-10-30,74.0,41.0,54.0,36.0,28.0
2018-10-31,74.0,41.0,54.0,36.0,28.0
2018-11-01,74.0,41.0,54.0,36.0,28.0
2018-11-02,74.0,41.0,54.0,36.0,28.0
2018-11-05,26.0,66.0,38.0,72.0,36.0
2018-11-06,26.0,66.0,38.0,72.0,36.0
2018-11-07,26.0,66.0,38.0,72.0,36.0
2018-11-09,26.0,66.0,38.0,72.0,36.0
2018-11-12,40.0,66.0,67.0,51.0,63.0
2018-11-13,40.0,66.0,67.0,51.0,63.0
2018-11-14,40.0,66.0,67.0,51.0,63.0
2018-11-15,40.0,66.0,67.0,51.0,63.0
2018-11-16,40.0,66.0,67.0,51.0,63.0
2018-11-19,52.0,32.0,55.0,30.0,69.0
2018-11-20,52.0,32.0,55.0,30.0,69.0
2018-11-21,52.0,32.0,55.0,30.0,69.0
2018-11-22,52.0,32.0,55.0,30.0,69.0
2018-11-26,47.0,53.0,26.0,69.0,21.0
2018-11-27,47.0,53.0,26.0,69.0,21.0
2018-11-28,47.0,53.0,26.0,69.0,21.0
2018-11-29,47.0,53.0,26.0,69.0,21.0
2018-11-30,47.0,53.0,26.0,69.0,21.0
2018-12-03,36.0,58.0,38.0,26.0,52.0
2018-12-04,36.0,58.0,38.0,26.0,52.0
2018-12-05,36.0,58.0,38.0,26.0,52.0
2018-12-06,36.0,58.0,38.0,26.0,52.0
2018-12-07,36.0,58.0,38.0,26.0,52.0
2018-12-10,75.0,38.0,46.0,77.0,43.0
2018-12-11,75.0,38.0,46.0,77.0,43.0
2018-12-12,75.0,38.0,46.0,77.0,43.0
2018-12-13,75.0,38.0,46.0,77.0,43.0
2018-12-14,75.0,38.0,46.0,77.0,43.0
2018-12-17,42.0,74.0,70.0,77.0,63.0
2018-12-18,42.0,74.0,70.0,77.0,63.0
2018-12-19,42.0,74.0,70.0,77.0,63.0
2018-12-20,42.0,74.0,70.0,77.0,63.0
2018-12-21,42.0,74.0,70.0,77.0,63.0
2018-12-24,44.0,35.0,36.0,35.0,37.0
2018-12-26,44.0,35.0,36.0,35.0,37.0
2018-12-27,44.0,35.0,36.0,35.0,37.0
2018-12-28,44.0,35.0,36.0,35.0,37.0
2018-12-31,73.0,37.0,55.0,37.0,54.0
2019-01-02,73.0,37.0,55.0,37.0,54.0
2019-01-03,73.0,37.0,55.0,37.0,54.0
2019-01-04,73.0,37.0,55.0,37.0,54.0
2019-01-07,52.0,28.0,55.0,48.0,42.0
2019-01-08,52.0,28.0,55.0,48.0,42.0
2019-01-09,52.0,28.0,55.0,48.0,42.0
2019-01-10,52.0,28.0,55.0,48.0,42.0
2019-01-11,52.0,28.0,55.0,48.0,42.0
2019-01-14,61.0,54.0,42.0,71.0,24.0
2019-01-15,61.0,54.0,42.0,71.0,24.0
2019-01-16,61.0,54.0,42.0,71.0,24.0
2019-01-17,61.0,54.0,42.0,71.0,24.0
2019-01-18,61.0,54.0,42.0,71.0,24.0
2019-01-21,60.0,71.0,62.0,79.0,70.0
2019-01-22,60.0,71.0,62.0,79.0,70.0
2019-01-23,60.0,71.0,62.0,79.0,70.0
2019-01-24,60.0,71.0,62.0,79.0,70.0
2019-01-25,60.0,71.0,62.0,79.0,70.0
2019-01-28,31.0,33.0,65.0,58.0,75.0
2019-01-29,31.0,33.0,65.0,58.0,75.0
2019-01-30,31.0,33.0,65.0,58.0,75.0
2019-01-31,31.0,33.0,65.0,58.0,75.0
2019-02-01,31.0,33.0,65.0,58.0,75.0
2019-02-04,50.0,28.0,32.0,39.0,61.0
2019-02-05,50.0,28.0,32.0,39.0,61.0
2019-02-06,50.0,28.0,32.0,39.0,61.0
2019-02-07,50.0,28.0,32.0,39.0,61.0
2019-02-08,50.0,28.0,32.0,39.0,61.0
2019-02-11,53.0,38.0,34.0,54.0,77.0
2019-02-12,53.0,38.0,34.0,54.0,77.0
2019-02-14,53.0,38.0,34.0,54.0,77.0
2019-02-15,53.0,38.0,34.0,54.0,77.0
2019-02-18,65.0,79.0,35.0,71.0,75.0
2019-02-19,65.0,79.0,35.0,71.0,75.0
2019-02-20,65.0,79.0,35.0,71.0,75.0
2019-02-21,65.0,79.0,35.0,71.0,75.0
2019-02-22,65.0,79.0,35.0,71.0,75.0
2019-02-25,54.0,28.0,61.0,68.0,48.0
2019-02-26,54.0,28.0,61.0,68.0,48.0
2019-02-27,54.0,28.0,61.0,68.0,48.0
2019-02-28,54.0,28.0,61.0,68.0,48.0
2019-03-01,54.0,28.0,61.0,68.0,48.0
2019-03-05,59.0,45.0,33.0,52.0,65.0
2019-03-06,59.0,45.0,33.0,52.0,65.0
2019-03-07,59.0,45.0,33.0,52.0,65.0
2019-03-08,59.0,45.0,33.0,52.0,65.0
2019-03-11,69.0,34.0,34.0,28.0,47.0
2019-03-12,69.0,34.0,34.0,28.0,47.0
2019-03-13,69.0,34.0,34.0,28.0,47.0
2019-03-14,69.0,34.0,34.0,28.0,47.0
2019-03-15,69.0,34.0,34.0,28.0,47.0
2019-03-18,44.0,46.0,42.0,30.0,42.0
2019-03-19,44.0,46.0,42.0,30.0,42.0
2019-03-20,44.0,46.0,42.0,30.0,42.0
2019-03-22,44.0,46.0,42.0,30.0,42.0
2019-03-25,78.0,67.0,74.0,25.0,28.0
2019-03-26,78.0,67.0,74.0,25.0,28.0
2019-03-27,78.0,67.0,74.0,25.0,28.0
2019-03-28,78.0,67.0,74.0,25.0,28.0
2019-04-01,51.0,78.0,28.0,42.0,32.0
2019-04-02,51.0,78.0,28.0,42.0,32.0
2019-04-03,51.0,78.0,28.0,42.0,32.0
2019-04-04,51.0,78.0,28.0,42.0,32.0
2019-04-05,51.0,78.0,28.0,42.0,32.0
2019-04-08,61.0,64.0,31.0,48.0,50.0
2019-04-09,61.0,64.0,31.0,48.0,50.0
2019-04-10,61.0,64.0,31.0,48.0,50.0
2019-04-11,61.0,64.0,31.0,48.0,50.0
2019-04-12,61.0,64.0,31.0,48.0,50.0
2019-04-15,64.0,22.0,43.0,21.0,77.0
2019-04-16,64.0,22.0,43.0,21.0,77.0
2019-04-18,64.0,22.0,43.0,21.0,77.0
2019-04-22,49.0,57.0,55.0,42.0,42.0
2019-04-23,49.0,57.0,55.0,42.0,42.0
2019-04-24,49.0,57.0,55.0,42.0,42.0
2019-04-25,49.0,57.0,55.0,42.0,42.0
2019-04-26,49.0,57.0,55.0,42.0,42.0
2019-04-30,59.0,45.0,70.0,47.0,35.0
2019-05-02,59.0,45.0,70.0,47.0,35.0
2019-05-03,59.0,45.0,70.0,47.0,35.0
2019-05-06,73.0,35.0,75.0,42.0,38.0
2019-05-07,73.0,35.0,75.0,42.0,38.0
2019-05-08,73.0,35.0,75.0,42.0,38.0
2019-05-09,73.0,35.0,75.0,42.0,38.0
2019-05-10,73.0,35.0,75.0,42.0,38.0
2019-05-13,74.0,77.0,60.0,54.0,55.0
2019-05-14,74.0,77.0,60.0,54.0,55.0
2019-05-15,74.0,77.0,60.0,54.0,55.0
2019-05-16,74.0,77.0,60.0,54.0,55.0
2019-05-17,74.0,77.0,60.0,54.0,55.0
2019-05-20,59.0,38.0,38.0,76.0,54.0
2019-05-21,59.0,38.0,38.0,76.0,54.0
2019-05-22,59.0,38.0,38.0,76.0,54.0
2019-05-23,59.0,38.0,38.0,76.0,54.0
2019-05-24,59.0,38.0,38.0,76.0,54.0
2019-05-27,56.0,28.0,60.0,43.0,60.0
2019-05-28,56.0,28.0,60.0,43.0,60.0
2019-05-29,56.0,28.0,60.0,43.0,60.0
2019-05-30,56.0,28.0,60.0,43.0,60.0
2019-05-31,56.0,28.0,60.0,43.0,60.0
2019-06-03,71.0,30.0,72.0,44.0,23.0
2019-06-04,71.0,30.0,72.0,44.0,23.0
2019-06-06,71.0,30.0,72.0,44.0,23.0
2019-06-07,71.0,30.0,72.0,44.0,23.0
2019-06-10,26.0,37.0,61.0,47.0,61.0
2019-06-11,26.0,37.0,61.0,47.0,61.0
2019-06-12,26.0,37.0,61.0,47.0,61.0
2019-06-13,26.0,37.0,61.0,47.0,61.0
2019-06-14,26.0,37.0,61.0,47.0,61.0
2019-06-17,44.0,66.0,57.0,46.0,54.0
2019-06-18,44.0,66.0,57.0,46.0,54.0
2019-06-19,44.0,66.0,57.0,46.0,54.0
2019-06-20,44.0,66.0,57.0,46.0,54.0
2019-06-21,44.0,66.0,57.0,46.0,54.0
2019-06-24,54.0,38.0,46.0,63.0,79.0
2019-06-25,54.0,38.0,46.0,63.0,79.0
2019-06-26,54.0,38.0,46.0,63.0,79.0
2019-06-27,54.0,38.0,46.0,63.0,79.0
2019-06-28,54.0,38.0,46.0,63.0,79.0
2019-07-01,64.0,22.0,45.0,22.0,43.0
2019-07-02,64.0,22.0,45.0,22.0,43.0
2019-07-03,64.0,22.0,45.0,22.0,43.0
2019-07-04,64.0,22.0,45.0,22.0,43.0
2019-07-05,64.0,22.0,45.0,22.0,43.0
2019-07-08,38.0,57.0,78.0,58.0,53.0
2019-07-09,38.0,57.0,78.0,58.0,53.0
2019-07-10,38.0,57.0,78.0,58.0,53.0
2019-07-11,38.0,57.0,78.0,58.0,53.0
2019-07-12,38.0,57.0,78.0,58.0,53.0
2019-07-15,65.0,69.0,25.0,48.0,78.0
2019-07-16,65.0,69.0,25.0,48.0,78.0
2019-07-17,65.0,69.0,25.0,48.0,78.0
2019-07-18,65.0,69.0,25.0,48.0,78.0
2019-07-19,65.0,69.0,25.0,48.0,78.0
2019-07-22,63.0,32.0,77.0,29.0,78.0
2019-07-23,63.0,32.0,77.0,29.0,78.0
2019-07-24,63.0,32.0,77.0,29.0,78.0
2019-07-25,63.0,32.0,77.0,29.0,78.0
2019-07-26,63.0,32.0,77.0,29.0,78.0
2019-07-29,70.0,75.0,30.0,20.0,29.0
2019-07-30,70.0,75.0,30.0,20.0,29.0
2019-07-31,70.0,75.0,30.0,20.0,29.0
2019-08-01,70.0,75.0,30.0,20.0,29.0
2019-08-02,70.0,75.0,30.0,20.0,29.0
2019-08-05,78.0,57.0,68.0,66.0,75.0
2019-08-06,78.0,57.0,68.0,66.0,75.0
2019-08-07,78.0,57.0,68.0,66.0,75.0
2019-08-08,78.0,57.0,68.0,66.0,75.0
2019-08-09,78.0,57.0,68.0,66.0,75.0
2019-08-13,48.0,27.0,21.0,29.0,58.0
2019-08-14,48.0,27.0,21.0,29.0,58.0
2019-08-16,48.0,27.0,21.0,29.0,58.0
2019-08-19,65.0,71.0,67.0,23.0,67.0
2019-08-20,65.0,71.0,67.0,23.0,67.0
2019-08-21,65.0,71.0,67.0,23.0,67.0
2019-08-22,65.0,71.0,67.0,23.0,67.0
2019-08-23,65.0,71.0,67.0,23.0,67.0
2019-08-26,72.0,79.0,61.0,71.0,29.0
2019-08-27,72.0,79.0,61.0,71.0,29.0
2019-08-28,72.0,79.0,61.0,71.0,29.0
2019-08-29,72.0,79.0,61.0,71.0,29.0
2019-08-30,72.0,79.0,61.0,71.0,29.0
2019-09-03,51.0,79.0,56.0,45.0,70.0
2019-09-04,51.0,79.0,56.0,45.0,70.0
2019-09-05,51.0,79.0,56.0,45.0,70.0
2019-09-06,51.0,79.0,56.0,45.0,70.0
2019-09-09,35.0,46.0,30.0,27.0,52.0
2019-09-11,35.0,46.0,30.0,27.0,52.0
2019-09-12,35.0,46.0,30.0,27.0,52.0
2019-09-13,35.0,46.0,30.0,27.0,52.0
2019-09-16,52.0,52.0,29.0,50.0,52.0
2019-09-17,52.0,52.0,29.0,50.0,52.0
2019-09-18,52.0,52.0,29.0,50.0,52.0
2019-09-19,52.0,52.0,29.0,50.0,52.0
2019-09-20,52.0,52.0,29.0,50.0,52.0
2019-09-23,29.0,31.0,50.0,63.0,35.0
2019-09-24,29.0,31.0,50.0,63.0,35.0
2019-09-25,29.0,31.0,50.0,63.0,35.0
2019-09-26,29.0,31.0,50.0,63.0,35.0
2019-09-27,29.0,31.0,50.0,63.0,35.0
2019-09-30,31.0,67.0,59.0,57.0,66.0
2019-10-01,31.0,67.0,59.0,57.0,66.0
2019-10-03,31.0,67.0,59.0,57.0,66.0
2019-10-04,31.0,67.0,59.0,57.0,66.0
2019-10-07,79.0,30.0,64.0,40.0,58.0
2019-10-09,79.0,30.0,64.0,40.0,58.0
2019-10-10,79.0,30.0,64.0,40.0,58.0
2019-10-11,79.0,30.0,64.0,40.0,58.0
2019-10-14,38.0,75.0,48.0,39.0,70.0
2019-10-15,38.0,75.0,48.0,39.0,70.0
2019-10-16,38.0,75.0,48.0,39.0,70.0
2019-10-17,38.0,75.0,48.0,39.0,70.0
2019-10-18,38.0,75.0,48.0,39.0,70.0
2019-10-22,31.0,66.0,41.0,50.0,30.0
2019-10-23,31.0,66.0,41.0,50.0,30.0
2019-10-24,31.0,66.0,41.0,50.0,30.0
2019-10-25,31.0,66.0,41.0,50.0,30.0
2019-10-29,33.0,22.0,33.0,62.0,24.0
2019-10-30,33.0,22.0,33.0,62.0,24.0
2019-10-31,33.0,22.0,33.0,62.0,24.0
2019-11-01,33.0,22.0,33.0,62.0,24.0
2019-11-04,74.0,47.0,28.0,40.0,46.0
2019-11-05,74.0,47.0,28.0,40.0,46.0
2019-11-06,74.0,47.0,28.0,40.0,46.0
2019-11-07,74.0,47.0,28.0,40.0,46.0
2019-11-08,74.0,47.0,28.0,40.0,46.0
2019-11-11,60.0,61.0,41.0,35.0,22.0
2019-11-13,60.0,61.0,41.0,35.0,22.0
2019-11-14,60.0,61.0,41.0,35.0,22.0
2019-11-15,60.0,61.0,41.0,35.0,22.0
2019-11-18,20.0,74.0,36.0,77.0,32.0
2019-11-19,20.0,74.0,36.0,77.0,32.0
2019-11-20,20.0,74.0,36.0,77.0,32.0
2019-11-21,20.0,74.0,36.0,77.0,32.0
2019-11-22,20.0,74.0,36.0,77.0,32.0
2019-11-25,38.0,61.0,73.0,32.0,43.0
2019-11-26,38.0,61.0,73.0,32.0,43.0
2019-11-27,38.0,61.0,73.0,32.0,43.0
2019-11-28,38.0,61.0,73.0,32.0,43.0
2019-11-29,38.0,61.0,73.0,32.0,43.0
2019-12-02,56.0,73.0,39.0,28.0,40.0
2019-12-03,56.0,73.0,39.0,28.0,40.0
2019-12-04,56.0,73.0,39.0,28.0,40.0
2019-12-05,56.0,73.0,39.0,28.0,40.0
2019-12-06,56.0,73.0,39.0,28.0,40.0
2019-12-09,58.0,44.0,52.0,72.0,78.0
2019-12-10,58.0,44.0,52.0,72.0,78.0
2019-12-11,58.0,44.0,52.0,72.0,78.0
2019-12-12,58.0,44.0,52.0,72.0,78.0
2019-12-13,58.0,44.0,52.0,72.0,78.0
2019-12-16,36.0,20.0,73.0,35.0,73.0
2019-12-17,36.0,20.0,73.0,35.0,73.0
2019-12-18,36.0,20.0,73.0,35.0,73.0
2019-12-19,36.0,20.0,73.0,35.0,73.0
2019-12-20,36.0,20.0,73.0,35.0,73.0
2019-12-23,29.0,48.0,55.0,73.0,52.0
2019-12-24,29.0,48.0,55.0,73.0,52.0
2019-12-26,29.0,48.0,55.0,73.0,52.0
2019-12-27,29.0,48.0,55.0,73.0,52.0
2019-12-30,42.0,47.0,64.0,27.0,50.0
2019-12-31,42.0,47.0,64.0,27.0,50.0
2020-01-01,42.0,47.0,64.0,27.0,50.0
2020-01-02,42.0,47.0,64.0,27.0,50.0
2020-01-03,42.0,47.0,64.0,27.0,50.0
2020-01-06,54.0,40.0,32.0,73.0,66.0
2020-01-07,54.0,40.0,32.0,73.0,66.0
2020-01-08,54.0,40.0,32.0,73.0,66.0
2020-01-09,54.0,40.0,32.0,73.0,66.0
2020-01-10,54.0,40.0,32.0,73.0,66.0
2020-01-13,54.0,29.0,76.0,58.0,60.0
2020-01-14,54.0,29.0,76.0,58.0,60.0
2020-01-15,54.0,29.0,76.0,58.0,60.0
2020-01-16,54.0,29.0,76.0,58.0,60.0
2020-01-17,54.0,29.0,76.0,58.0,60.0
2020-01-20,28.0,48.0,26.0,72.0,28.0
2020-01-21,28.0,48.0,26.0,72.0,28.0
2020-01-22,28.0,48.0,26.0,72.0,28.0
2020-01-23,28.0,48.0,26.0,72.0,28.0
2020-01-24,28.0,48.0,26.0,72.0,28.0
2020-01-27,27.0,64.0,77.0,56.0,64.0
2020-01-28,27.0,64.0,77.0,56.0,64.0
2020-01-29,27.0,64.0,77.0,56.0,64.0
2020-01-30,27.0,64.0,77.0,56.0,64.0
2020-01-31,27.0,64.0,77.0,56.0,64.0
2020-02-03,48.0,77.0,55.0,46.0,58.0
2020-02-04,48.0,77.0,55.0,46.0,58.0
2020-02-05,48.0,77.0,55.0,46.0,58.0
2020-02-06,48.0,77.0,55.0,46.0,58.0
2020-02-07,48.0,77.0,55.0,46.0,58.0
2020-02-10,55.0,26.0,51.0,79.0,27.0
2020-02-11,55.0,26.0,51.0,79.0,27.0
2020-02-12,55.0,26.0,51.0,79.0,27.0
2020-02-13,55.0,26.0,51.0,79.0,27.0
2020-02-14,55.0,26.0,51.0,79.0,27.0
2020-02-17,36.0,55.0,56.0,21.0,37.0
2020-02-18,36.0,55.0,56.0,21.0,37.0
2020-02-19,36.0,55.0,56.0,21.0,37.0
2020-02-20,36.0,55.0,56.0,21.0,37.0
2020-02-24,33.0,28.0,73.0,59.0,77.0
2020-02-25,33.0,28.0,73.0,59.0,77.0
2020-02-26,33.0,28.0,73.0,59.0,77.0
2020-02-27,33.0,28.0,73.0,59.0,77.0
2020-02-28,33.0,28.0,73.0,59.0,77.0
2020-03-02,66.0,69.0,29.0,20.0,38.0
2020-03-03,66.0,69.0,29.0,20.0,38.0
2020-03-04,66.0,69.0,29.0,20.0,38.0
2020-03-05,66.0,69.0,29.0,20.0,38.0
2020-03-06,66.0,69.0,29.0,20.0,38.0
2020-03-09,54.0,34.0,67.0,35.0,49.0
2020-03-11,54.0,34.0,67.0,35.0,49.0
2020-03-12,54.0,34.0,67.0,35.0,49.0
2020-03-13,54.0,34.0,67.0,35.0,49.0
2020-03-16,67.0,54.0,77.0,42.0,38.0
2020-03-17,67.0,54.0,77.0,42.0,38.0
2020-03-18,67.0,54.0,77.0,42.0,38.0
2020-03-19,67.0,54.0,77.0,42.0,38.0
2020-03-20,67.0,54.0,77.0,42.0,38.0
2020-03-23,42.0,41.0,41.0,77.0,25.0
2020-03-24,42.0,41.0,41.0,77.0,25.0
2020-03-25,42.0,41.0,41.0,77.0,25.0
2020-03-26,42.0,41.0,41.0,77.0,25.0
2020-03-27,42.0,41.0,41.0,77.0,25.0
2020-03-30,38.0,71.0,58.0,70.0,24.0
2020-03-31,38.0,71.0,58.0,70.0,24.0
2020-04-01,38.0,71.0,58.0,70.0,24.0
2020-04-03,38.0,71.0,58.0,70.0,24.0
2020-04-07,64.0,53.0,33.0,47.0,63.0
2020-04-08,64.0,53.0,33.0,47.0,63.0
2020-04-09,64.0,53.0,33.0,47.0,63.0
2020-04-13,49.0,70.0,66.0,71.0,22.0
2020-04-15,49.0,70.0,66.0,71.0,22.0
2020-04-16,49.0,70.0,66.0,71.0,22.0
2020-04-17,49.0,70.0,66.0,71.0,22.0
2020-04-20,77.0,49.0,34.0,25.0,55.0
2020-04-21,77.0,49.0,34.0,25.0,55.0
2020-04-22,77.0,49.0,34.0,25.0,55.0
2020-04-23,77.0,49.0,34.0,25.0,55.0
2020-04-24,77.0,49.0,34.0,25.0,55.0
2020-04-27,75.0,79.0,74.0,68.0,20.0
2020-04-28,75.0,79.0,74.0,68.0,20.0
2020-04-29,75.0,79.0,74.0,68.0,20.0
2020-04-30,75.0,79.0,74.0,68.0,20.0
2020-05-04,36.0,52.0,35.0,46.0,27.0
2020-05-05,36.0,52.0,35.0,46.0,27.0
2020-05-06,36.0,52.0,35.0,46.0,27.0
2020-05-07,36.0,52.0,35.0,46.0,27.0
2020-05-08,36.0,52.0,35.0,46.0,27.0
2020-05-11,73.0,37.0,67.0,57.0,23.0
2020-05-12,73.0,37.0,67.0,57.0,23.0
2020-05-13,73.0,37.0,67.0,57.0,23.0
2020-05-14,73.0,37.0,67.0,57.0,23.0
2020-05-15,73.0,37.0,67.0,57.0,23.0
2020-05-18,48.0,62.0,42.0,69.0,39.0
2020-05-19,48.0,62.0,42.0,69.0,39.0
2020-05-20,48.0,62.0,42.0,69.0,39.0
2020-05-21,48.0,62.0,42.0,69.0,39.0
2020-05-22,48.0,62.0,42.0,69.0,39.0
2020-05-26,61.0,69.0,60.0,72.0,70.0
2020-05-27,61.0,69.0,60.0,72.0,70.0
2020-05-28,61.0,69.0,60.0,72.0,70.0
2020-05-29,61.0,69.0,60.0,72.0,70.0
2020-06-01,49.0,32.0,69.0,57.0,43.0
2020-06-02,49.0,32.0,69.0,57.0,43.0
2020-06-03,49.0,32.0,69.0,57.0,43.0
2020-06-04,49.0,32.0,69.0,57.0,43.0
2020-06-05,49.0,32.0,69.0,57.0,43.0
2020-06-08,27.0,31.0,39.0,43.0,48.0
2020-06-09,27.0,31.0,39.0,43.0,48.0
2020-06-10,27.0,31.0,39.0,43.0,48.0
2020-06-11,27.0,31.0,39.0,43.0,48.0
2020-06-12,27.0,31.0,39.0,43.0,48.0
2020-06-15,67.0,70.0,77.0,55.0,41.0
2020-06-16,67.0,70.0,77.0,55.0,41.0
2020-06-17,67.0,70.0,77.0,55.0,41.0
2020-06-18,67.0,70.0,77.0,55.0,41.0
2020-06-19,67.0,70.0,77.0,55.0,41.0
2020-06-22,53.0,66.0,31.0,73.0,68.0
2020-06-23,53.0,66.0,31.0,73.0,68.0
2020-06-24,53.0,66.0,31.0,73.0,68.0
2020-06-25,53.0,66.0,31.0,73.0,68.0
2020-06-26,53.0,66.0,31.0,73.0,68.0
2020-06-29,48.0,59.0,72.0,66.0,55.0
2020-06-30,48.0,59.0,72.0,66.0,55.0
2020-07-01,48.0,59.0,72.0,66.0,55.0
2020-07-02,48.0,59.0,72.0,66.0,55.0
2020-07-03,48.0,59.0,72.0,66.0,55.0
2020-07-06,39.0,21.0,35.0,53.0,77.0
2020-07-07,39.0,21.0,35.0,53.0,77.0
2020-07-08,39.0,21.0,35.0,53.0,77.0
2020-07-09,39.0,21.0,35.0,53.0,77.0
2020-07-10,39.0,21.0,35.0,53.0,77.0
2020-07-13,61.0,47.0,59.0,33.0,79.0
2020-07-14,61.0,47.0,59.0,33.0,79.0
2020-07-15,61.0,47.0,59.0,33.0,79.0
2020-07-16,61.0,47.0,59.0,33.0,79.0
2020-07-17,61.0,47.0,59.0,33.0,79.0
2020-07-20,70.0,56.0,26.0,56.0,64.0
2020-07-21,70.0,56.0,26.0,56.0,64.0
2020-07-22,70.0,56.0,26.0,56.0,64.0
2020-07-23,70.0,56.0,26.0,56.0,64.0
2020-07-24,70.0,56.0,26.0,56.0,64.0
2020-07-27,25.0,75.0,59.0,66.0,61.0
2020-07-28,25.0,75.0,59.0,66.0,61.0
2020-07-29,25.0,75.0,59.0,66.0,61.0
2020-07-30,25.0,75.0,59.0,66.0,61.0
2020-07-31,25.0,75.0,59.0,66.0,61.0
2020-08-03,55.0,59.0,34.0,44.0,78.0
2020-08-04,55.0,59.0,34.0,44.0,78.0
2020-08-05,55.0,59.0,34.0,44.0,78.0
2020-08-06,55.0,59.0,34.0,44.0,78.0
2020-08-07,55.0,59.0,34.0,44.0,78.0
2020-08-10,63.0,33.0,52.0,29.0,28.0
2020-08-11,63.0,33.0,52.0,29.0,28.0
2020-08-12,63.0,33.0,52.0,29.0,28.0
2020-08-13,63.0,33.0,52.0,29.0,28.0
2020-08-14,63.0,33.0,52.0,29.0,28.0
2020-08-17,58.0,57.0,36.0,75.0,59.0
2020-08-18,58.0,57.0,36.0,75.0,59.0
2020-08-19,58.0,57.0,36.0,75.0,59.0
2020-08-20,58.0,57.0,36.0,75.0,59.0
2020-08-21,58.0,57.0,36.0,75.0,59.0
2020-08-24,34.0,62.0,72.0,22.0,58.0
2020-08-25,34.0,62.0,72.0,22.0,58.0
2020-08-26,34.0,62.0,72.0,22.0,58.0
2020-08-27,34.0,62.0,72.0,22.0,58.0
2020-08-28,34.0,62.0,72.0,22.0,58.0
2020-08-31,32.0,32.0,56.0,24.0,42.0
2020-09-01,32.0,32.0,56.0,24.0,42.0
2020-09-02,32.0,32.0,56.0,24.0,42.0
2020-09-03,32.0,32.0,56.0,24.0,42.0
2020-09-04,32.0,32.0,56.0,24.0,42.0
2020-09-07,61.0,46.0,53.0,29.0,70.0
2020-09-08,61.0,46.0,53.0,29.0,70.0
2020-09-09,61.0,46.0,53.0,29.0,70.0
2020-09-10,61.0,46.0,53.0,29.0,70.0
2020-09-11,61.0,46.0,53.0,29.0,70.0
2020-09-14,42.0,54.0,52.0,28.0,60.0
2020-09-15,42.0,54.0,52.0,28.0,60.0
2020-09-16,42.0,54.0,52.0,28.0,60.0
2020-09-17,42.0,54.0,52.0,28.0,60.0
2020-09-18,42.0,54.0,52.0,28.0,60.0
2020-09-21,37.0,66.0,47.0,30.0,58.0
2020-09-22,37.0,66.0,47.0,30.0,58.0
2020-09-23,37.0,66.0,47.0,30.0,58.0
2020-09-24,37.0,66.0,47.0,30.0,58.0
2020-09-25,37.0,66.0,47.0,30.0,58.0
2020-09-28,31.0,57.0,55.0,51.0,38.0
2020-09-29,31.0,57.0,55.0,51.0,38.0
2020-09-30,31.0,57.0,55.0,51.0,38.0
2020-10-01,31.0,57.0,55.0,51.0,38.0
2020-10-05,37.0,24.0,59.0,73.0,31.0
2020-10-06,37.0,24.0,59.0,73.0,31.0
2020-10-07,37.0,24.0,59.0,73.0,31.0
2020-10-08,37.0,24.0,59.0,73.0,31.0
2020-10-09,37.0,24.0,59.0,73.0,31.0
2020-10-12,51.0,54.0,36.0,29.0,71.0
2020-10-13,51.0,54.0,36.0,29.0,71.0
2020-10-14,51.0,54.0,36.0,29.0,71.0
2020-10-15,51.0,54.0,36.0,29.0,71.0
2020-10-16,51.0,54.0,36.0,29.0,71.0
2020-10-19,70.0,39.0,20.0,68.0,49.0
2020-10-20,70.0,39.0,20.0,68.0,49.0
2020-10-21,70.0,39.0,20.0,68.0,49.0
2020-10-22,70.0,39.0,20.0,68.0,49.0
2020-10-23,70.0,39.0,20.0,68.0,49.0
2020-10-26,38.0,25.0,25.0,46.0,62.0
2020-10-27,38.0,25.0,25.0,46.0,62.0
2020-10-28,38.0,25.0,25.0,46.0,62.0
2020-10-29,38.0,25.0,25.0,46.0,62.0
2020-10-30,38.0,25.0,25.0,46.0,62.0
2020-11-02,52.0,61.0,59.0,40.0,53.0
2020-11-03,52.0,61.0,59.0,40.0,53.0
2020-11-04,52.0,61.0,59.0,40.0,53.0
2020-11-05,52.0,61.0,59.0,40.0,53.0
2020-11-06,52.0,61.0,59.0,40.0,53.0
2020-11-09,59.0,70.0,42.0,40.0,72.0
2020-11-10,59.0,70.0,42.0,40.0,72.0
2020-11-11,59.0,70.0,42.0,40.0,72.0
2020-11-12,59.0,70.0,42.0,40.0,72.0
2020-11-13,59.0,70.0,42.0,40.0,72.0
2020-11-17,50.0,21.0,50.0,70.0,63.0
2020-11-18,50.0,21.0,50.0,70.0,63.0
2020-11-19,50.0,21.0,50.0,70.0,63.0
2020-11-20,50.0,21.0,50.0,70.0,63.0
2020-11-23,61.0,32.0,71.0,30.0,73.0
2020-11-24,61.0,32.0,71.0,30.0,73.0
2020-11-25,61.0,32.0,71.0,30.0,73.0
2020-11-26,61.0,32.0,71.0,30.0,73.0
2020-11-27,61.0,32.0,71.0,30.0,73.0
2020-12-01,63.0,61.0,49.0,31.0,51.0
2020-12-02,63.0,61.0,49.0,31.0,51.0
2020-12-03,63.0,61.0,49.0,31.0,51.0
2020-12-04,63.0,61.0,49.0,31.0,51.0
2020-12-07,24.0,62.0,30.0,28.0,30.0
2020-12-08,24.0,62.0,30.0,28.0,30.0
2020-12-09,24.0,62.0,30.0,28.0,30.0
2020-12-10,24.0,62.0,30.0,28.0,30.0
2020-12-11,24.0,62.0,30.0,28.0,30.0
2020-12-14,69.0,76.0,73.0,38.0,25.0
2020-12-15,69.0,76.0,73.0,38.0,25.0
2020-12-16,69.0,76.0,73.0,38.0,25.0
2020-12-17,69.0,76.0,73.0,38.0,25.0
2020-12-18,69.0,76.0,73.0,38.0,25.0
2020-12-21,50.0,32.0,52.0,21.0,74.0
2020-12-22,50.0,32.0,52.0,21.0,74.0
2020-12-23,50.0,32.0,52.0,21.0,74.0
2020-12-24,50.0,32.0,52.0,21.0,74.0
2020-12-28,67.0,24.0,63.0,31.0,73.0
2020-12-29,67.0,24.0,63.0,31.0,73.0
2020-12-30,67.0,24.0,63.0,31.0,73.0
2020-12-31,67.0,24.0,63.0,31.0,73.0
2021-01-01,67.0,24.0,63.0,31.0,73.0
2021-01-04,50.0,71.0,63.0,40.0,63.0
2021-01-05,50.0,71.0,63.0,40.0,63.0
2021-01-06,50.0,71.0,63.0,40.0,63.0
2021-01-07,50.0,71.0,63.0,40.0,63.0
2021-01-08,50.0,71.0,63.0,40.0,63.0
2021-01-11,42.0,60.0,40.0,33.0,63.0
2021-01-12,42.0,60.0,40.0,33.0,63.0
2021-01-13,42.0,60.0,40.0,33.0,63.0
2021-01-14,42.0,60.0,40.0,33.0,63.0
2021-01-15,42.0,60.0,40.0,33.0,63.0
2021-01-18,74.0,50.0,49.0,36.0,46.0
2021-01-19,74.0,50.0,49.0,36.0,46.0
2021-01-20,74.0,50.0,49.0,36.0,46.0
2021-01-21,74.0,50.0,49.0,36.0,46.0
2021-01-22,74.0,50.0,49.0,36.0,46.0
2021-01-25,24.0,32.0,72.0,55.0,31.0
2021-01-27,24.0,32.0,72.0,55.0,31.0
2021-01-28,24.0,32.0,72.0,55.0,31.0
2021-01-29,24.0,32.0,72.0,55.0,31.0
2021-02-01,34.0,46.0,63.0,62.0,23.0
2021-02-02,34.0,46.0,63.0,62.0,23.0
2021-02-03,34.0,46.0,63.0,62.0,23.0
2021-02-04,34.0,46.0,63.0,62.0,23.0
2021-02-05,34.0,46.0,63.0,62.0,23.0
2021-02-08,74.0,31.0,68.0,34.0,37.0
2021-02-09,74.0,31.0,68.0,34.0,37.0
2021-02-10,74.0,31.0,68.0,34.0,37.0
2021-02-11,74.0,31.0,68.0,34.0,37.0
2021-02-12,74.0,31.0,68.0,34.0,37.0
2021-02-15,69.0,26.0,67.0,74.0,22.0
2021-02-16,69.0,26.0,67.0,74.0,22.0
2021-02-17,69.0,26.0,67.0,74.0,22.0
2021-02-18,69.0,26.0,67.0,74.0,22.0
2021-02-19,69.0,26.0,67.0,74.0,22.0
2021-02-22,20.0,30.0,76.0,22.0,53.0
2021-02-23,20.0,30.0,76.0,22.0,53.0
2021-02-24,20.0,30.0,76.0,22.0,53.0
2021-02-25,20.0,30.0,76.0,22.0,53.0
2021-02-26,20.0,30.0,76.0,22.0,53.0
2021-03-01,28.0,70.0,62.0,79.0,64.0
2021-03-02,28.0,70.0,62.0,79.0,64.0
2021-03-03,28.0,70.0,62.0,79.0,64.0
2021-03-04,28.0,70.0,62.0,79.0,64.0
2021-03-05,28.0,70.0,62.0,79.0,64.0
2021-03-08,63.0,43.0,63.0,58.0,75.0
2021-03-09,63.0,43.0,63.0,58.0,75.0
2021-03-10,63.0,43.0,63.0,58.0,75.0
2021-03-12,63.0,43.0,63.0,58.0,75.0
2021-03-15,43.0,30.0,61.0,22.0,22.0
2021-03-16,43.0,30.0,61.0,22.0,22.0
2021-03-17,43.0,30.0,61.0,22.0,22.0
2021-03-18,43.0,30.0,61.0,22.0,22.0
2021-03-19,43.0,30.0,61.0,22.0,22.0
2021-03-22,76.0,40.0,76.0,27.0,44.0
2021-03-23,76.0,40.0,76.0,27.0,44.0
2021-03-24,76.0,40.0,76.0,27.0,44.0
2021-03-25,76.0,40.0,76.0,27.0,44.0
2021-03-26,76.0,40.0,76.0,27.0,44.0
2021-03-30,23.0,77.0,44.0,30.0,77.0
2021-03-31,23.0,77.0,44.0,30.0,77.0
2021-04-01,23.0,77.0,44.0,30.0,77.0
2021-04-05,25.0,43.0,78.0,65.0,52.0
2021-04-06,25.0,43.0,78.0,65.0,52.0
2021-04-07,25.0,43.0,78.0,65.0,52.0
2021-04-08,25.0,43.0,78.0,65.0,52.0
2021-04-09,25.0,43.0,78.0,65.0,52.0
2021-04-12,73.0,53.0,26.0,44.0,33.0
2021-04-13,73.0,53.0,26.0,44.0,33.0
2021-04-15,73.0,53.0,26.0,44.0,33.0
2021-04-16,73.0,53.0,26.0,44.0,33.0
2021-04-19,67.0,71.0,41.0,59.0,48.0
2021-04-20,67.0,71.0,41.0,59.0,48.0
2021-04-22,67.0,71.0,41.0,59.0,48.0
2021-04-23,67.0,71.0,41.0,59.0,48.0
2021-04-26,68.0,72.0,60.0,34.0,50.0
2021-04-27,68.0,72.0,60.0,34.0,50.0
2021-04-28,68.0,72.0,60.0,34.0,50.0
2021-04-29,68.0,72.0,60.0,34.0,50.0
2021-04-30,68.0,72.0,60.0,34.0,50.0
2021-05-03,54.0,33.0,72.0,28.0,32.0
2021-05-04,54.0,33.0,72.0,28.0,32.0
2021-05-05,54.0,33.0,72.0,28.0,32.0
2021-05-06,54.0,33.0,72.0,28.0,32.0
2021-05-07,54.0,33.0,72.0,28.0,32.0
2021-05-10,57.0,67.0,36.0,67.0,74.0
2021-05-11,57.0,67.0,36.0,67.0,74.0
2021-05-12,57.0,67.0,36.0,67.0,74.0
2021-05-14,57.0,67.0,36.0,67.0,74.0
2021-05-17,33.0,31.0,47.0,41.0,78.0
2021-05-18,33.0,31.0,47.0,41.0,78.0
2021-05-19,33.0,31.0,47.0,41.0,78.0
2021-05-20,33.0,31.0,47.0,41.0,78.0
2021-05-21,33.0,31.0,47.0,41.0,78.0
2021-05-24,39.0,71.0,68.0,66.0,47.0
2021-05-25,39.0,71.0,68.0,66.0,47.0
2021-05-26,39.0,71.0,68.0,66.0,47.0
2021-05-27,39.0,71.0,68.0,66.0,47.0
2021-05-28,39.0,71.0,68.0,66.0,47.0
2021-05-31,27.0,62.0,33.0,41.0,72.0
2021-06-01,27.0,62.0,33.0,41.0,72.0
2021-06-02,27.0,62.0,33.0,41.0,72.0
2021-06-03,27.0,62.0,33.0,41.0,72.0
2021-06-04,27.0,62.0,33.0,41.0,72.0
2021-06-07,58.0,49.0,57.0,21.0,31.0
2021-06-08,58.0,49.0,57.0,21.0,31.0
2021-06-09,58.0,49.0,57.0,21.0,31.0
2021-06-10,58.0,49.0,57.0,21.0,31.0
2021-06-11,58.0,49.0,57.0,21.0,31.0
2021-06-14,29.0,58.0,71.0,47.0,69.0
2021-06-15,29.0,58.0,71.0,47.0,69.0
2021-06-16,29.0,58.0,71.0,47.0,69.0
2021-06-17,29.0,58.0,71.0,47.0,69.0
2021-06-18,29.0,58.0,71.0,47.0,69.0
2021-06-21,24.0,74.0,77.0,36.0,73.0
2021-06-22,24.0,74.0,77.0,36.0,73.0
2021-06-23,24.0,74.0,77.0,36.0,73.0
2021-06-24,24.0,74.0,77.0,36.0,73.0
2021-06-25,24.0,74.0,77.0,36.0,73.0
2021-06-28,57.0,43.0,59.0,60.0,39.0
2021-06-29,57.0,43.0,59.0,60.0,39.0
2021-06-30,57.0,43.0,59.0,60.0,39.0
2021-07-01,57.0,43.0,59.0,60.0,39.0
2021-07-02,57.0,43.0,59.0,60.0,39.0
2021-07-05,39.0,38.0,78.0,79.0,45.0
2021-07-06,39.0,38.0,78.0,79.0,45.0
2021-07-07,39.0,38.0,78.0,79.0,45.0
2021-07-08,39.0,38.0,78.0,79.0,45.0
2021-07-09,39.0,38.0,78.0,79.0,45.0
2021-07-12,32.0,53.0,31.0,56.0,49.0
2021-07-13,32.0,53.0,31.0,56.0,49.0
2021-07-14,32.0,53.0,31.0,56.0,49.0
2021-07-15,32.0,53.0,31.0,56.0,49.0
2021-07-16,32.0,53.0,31.0,56.0,49.0
2021-07-19,57.0,29.0,63.0,27.0,31.0
2021-07-20,57.0,29.0,63.0,27.0,31.0
2021-07-22,57.0,29.0,63.0,27.0,31.0
2021-07-23,57.0,29.0,63.0,27.0,31.0
2021-07-26,75.0,53.0,26.0,41.0,42.0
2021-07-27,75.0,53.0,26.0,41.0,42.0
2021-07-28,75.0,53.0,26.0,41.0,42.0
2021-07-29,75.0,53.0,26.0,41.0,42.0
2021-07-30,75.0,53.0,26.0,41.0,42.0
2021-08-02,53.0,28.0,41.0,21.0,48.0
2021-08-03,53.0,28.0,41.0,21.0,48.0
2021-08-04,53.0,28.0,41.0,21.0,48.0
2021-08-05,53.0,28.0,41.0,21.0,48.0
2021-08-06,53.0,28.0,41.0,21.0,48.0
2021-08-09,51.0,65.0,72.0,59.0,54.0
2021-08-10,51.0,65.0,72.0,59.0,54.0
2021-08-11,51.0,65.0,72.0,59.0,54.0
2021-08-12,51.0,65.0,72.0,59.0,54.0
2021-08-13,51.0,65.0,72.0,59.0,54.0
2021-08-16,65.0,59.0,64.0,40.0,37.0
2021-08-17,65.0,59.0,64.0,40.0,37.0
2021-08-18,65.0,59.0,64.0,40.0,37.0
2021-08-20,65.0,59.0,64.0,40.0,37.0
2021-08-23,33.0,52.0,66.0,47.0,57.0
2021-08-24,33.0,52.0,66.0,47.0,57.0
2021-08-25,33.0,52.0,66.0,47.0,57.0
2021-08-26,33.0,52.0,66.0,47.0,57.0
2021-08-27,33.0,52.0,66.0,47.0,57.0
2021-08-30,57.0,43.0,33.0,30.0,73.0
2021-08-31,57.0,43.0,33.0,30.0,73.0
2021-09-01,57.0,43.0,33.0,30.0,73.0
2021-09-02,57.0,43.0,33.0,30.0,73.0
2021-09-03,57.0,43.0,33.0,30.0,73.0
2021-09-06,39.0,71.0,59.0,53.0,52.0
2021-09-07,39.0,71.0,59.0,53.0,52.0
2021-09-08,39.0,71.0,59.0,53.0,52.0
2021-09-09,39.0,71.0,59.0,53.0,52.0
2021-09-13,75.0,20.0,72.0,20.0,33.0
2021-09-14,75.0,20.0,72.0,20.0,33.0
2021-09-15,75.0,20.0,72.0,20.0,33.0
2021-09-16,75.0,20.0,72.0,20.0,33.0
2021-09-17,75.0,20.0,72.0,20.0,33.0
2021-09-20,43.0,42.0,54.0,42.0,31.0
2021-09-21,43.0,42.0,54.0,42.0,31.0
2021-09-22,43.0,42.0,54.0,42.0,31.0
2021-09-23,43.0,42.0,54.0,42.0,31.0
2021-09-24,43.0,42.0,54.0,42.0,31.0
2021-09-27,73.0,35.0,76.0,50.0,45.0
2021-09-28,73.0,35.0,76.0,50.0,45.0
2021-09-29,73.0,35.0,76.0,50.0,45.0
2021-09-30,73.0,35.0,76.0,50.0,45.0
2021-10-01,73.0,35.0,76.0,50.0,45.0
2021-10-04,44.0,71.0,38.0,50.0,75.0
2021-10-05,44.0,71.0,38.0,50.0,75.0
2021-10-06,44.0,71.0,38.0,50.0,75.0
2021-10-07,44.0,71.0,38.0,50.0,75.0
2021-10-08,44.0,71.0,38.0,50.0,75.0
2021-10-11,79.0,57.0,54.0,68.0,76.0
2021-10-12,79.0,57.0,54.0,68.0,76.0
2021-10-13,79.0,57.0,54.0,68.0,76.0
2021-10-14,79.0,57.0,54.0,68.0,76.0
2021-10-18,64.0,75.0,45.0,33.0,50.0
2021-10-19,64.0,75.0,45.0,33.0,50.0
2021-10-20,64.0,75.0,45.0,33.0,50.0
2021-10-21,64.0,75.0,45.0,33.0,50.0
2021-10-22,64.0,75.0,45.0,33.0,50.0
2021-10-25,48.0,58.0,50.0,32.0,22.0
2021-10-26,48.0,58.0,50.0,32.0,22.0
2021-10-27,48.0,58.0,50.0,32.0,22.0
2021-10-28,48.0,58.0,50.0,32.0,22.0
2021-10-29,48.0,58.0,50.0,32.0,22.0
2021-11-01,53.0,78.0,32.0,29.0,29.0
2021-11-02,53.0,78.0,32.0,29.0,29.0
2021-11-03,53.0,78.0,32.0,29.0,29.0
2021-11-04,53.0,78.0,32.0,29.0,29.0
2021-11-08,49.0,23.0,65.0,29.0,61.0
2021-11-09,49.0,23.0,65.0,29.0,61.0
2021-11-10,49.0,23.0,65.0,29.0,61.0
2021-11-11,49.0,23.0,65.0,29.0,61.0
2021-11-12,49.0,23.0,65.0,29.0,61.0
2021-11-15,73.0,48.0,48.0,61.0,47.0
2021-11-16,73.0,48.0,48.0,61.0,47.0
2021-11-17,73.0,48.0,48.0,61.0,47.0
2021-11-18,73.0,48.0,48.0,61.0,47.0
2021-11-22,66.0,31.0,58.0,42.0,37.0
2021-11-23,66.0,31.0,58.0,42.0,37.0
2021-11-24,66.0,31.0,58.0,42.0,37.0
2021-11-25,66.0,31.0,58.0,42.0,37.0
2021-11-26,66.0,31.0,58.0,42.0,37.0
2021-11-29,45.0,32.0,29.0,45.0,20.0
2021-11-30,45.0,32.0,29.0,45.0,20.0
2021-12-01,45.0,32.0,29.0,45.0,20.0
2021-12-02,45.0,32.0,29.0,45.0,20.0
2021-12-03,45.0,32.0,29.0,45.0,20.0
2021-12-06,35.0,64.0,71.0,34.0,42.0
2021-12-07,35.0,64.0,71.0,34.0,42.0
2021-12-08,35.0,64.0,71.0,34.0,42.0
2021-12-09,35.0,64.0,71.0,34.0,42.0
2021-12-10,35.0,64.0,71.0,34.0,42.0
2021-12-13,79.0,49.0,23.0,25.0,51.0
2021-12-14,79.0,49.0,23.0,25.0,51.0
2021-12-15,79.0,49.0,23.0,25.0,51.0
2021-12-16,79.0,49.0,23.0,25.0,51.0
2021-12-17,79.0,49.0,23.0,25.0,51.0
2021-12-20,42.0,47.0,68.0,51.0,22.0
2021-12-21,42.0,47.0,68.0,51.0,22.0
2021-12-22,42.0,47.0,68.0,51.0,22.0
2021-12-23,42.0,47.0,68.0,51.0,22.0
2021-12-24,42.0,47.0,68.0,51.0,22.0
2021-12-27,46.0,45.0,57.0,27.0,31.0
2021-12-28,46.0,45.0,57.0,27.0,31.0
2021-12-29,46.0,45.0,57.0,27.0,31.0
2021-12-30,46.0,45.0,57.0,27.0,31.0
2021-12-31,46.0,45.0,57.0,27.0,31.0
2022-01-03,38.0,58.0,43.0,45.0,68.0
2022-01-04,38.0,58.0,43.0,45.0,68.0
2022-01-05,38.0,58.0,43.0,45.0,68.0
2022-01-06,38.0,58.0,43.0,45.0,68.0
2022-01-07,38.0,58.0,43.0,45.0,68.0
2022-01-10,69.0,39.0,23.0,32.0,78.0
2022-01-11,69.0,39.0,23.0,32.0,78.0
2022-01-12,69.0,39.0,23.0,32.0,78.0
2022-01-13,69.0,39.0,23.0,32.0,78.0
2022-01-14,69.0,39.0,23.0,32.0,78.0
2022-01-17,53.0,32.0,79.0,32.0,44.0
2022-01-18,53.0,32.0,79.0,32.0,44.0
2022-01-19,53.0,32.0,79.0,32.0,44.0
2022-01-20,53.0,32.0,79.0,32.0,44.0
2022-01-21,53.0,32.0,79.0,32.0,44.0
2022-01-24,50.0,44.0,62.0,36.0,23.0
2022-01-25,50.0,44.0,62.0,36.0,23.0
2022-01-27,50.0,44.0,62.0,36.0,23.0
2022-01-28,50.0,44.0,62.0,36.0,23.0
2022-01-31,22.0,35.0,20.0,50.0,24.0
2022-02-01,22.0,35.0,20.0,50.0,24.0
2022-02-02,22.0,35.0,20.0,50.0,24.0
2022-02-03,22.0,35.0,20.0,50.0,24.0
2022-02-04,22.0,35.0,20.0,50.0,24.0
2022-02-07,42.0,75.0,40.0,25.0,67.0
2022-02-08,42.0,75.0,40.0,25.0,67.0
2022-02-09,42.0,75.0,40.0,25.0,67.0
2022-02-10,42.0,75.0,40.0,25.0,67.0
2022-02-11,42.0,75.0,40.0,25.0,67.0
2022-02-14,25.0,74.0,33.0,69.0,22.0
2022-02-15,25.0,74.0,33.0,69.0,22.0
2022-02-16,25.0,74.0,33.0,69.0,22.0
2022-02-17,25.0,74.0,33.0,69.0,22.0
2022-02-18,25.0,74.0,33.0,69.0,22.0
2022-02-21,20.0,24.0,72.0,32.0,20.0
2022-02-22,20.0,24.0,72.0,32.0,20.0
2022-02-23,20.0,24.0,72.0,32.0,20.0
2022-02-24,20.0,24.0,72.0,32.0,20.0
2022-02-25,20.0,24.0,72.0,32.0,20.0
2022-02-28,68.0,24.0,64.0,72.0,50.0
2022-03-02,68.0,24.0,64.0,72.0,50.0
2022-03-03,68.0,24.0,64.0,72.0,50.0
2022-03-04,68.0,24.0,64.0,72.0,50.0
2022-03-07,61.0,20.0,22.0,59.0,52.0
2022-03-08,61.0,20.0,22.0,59.0,52.0
2022-03-09,61.0,20.0,22.0,59.0,52.0
2022-03-10,61.0,20.0,22.0,59.0,52.0
2022-03-11,61.0,20.0,22.0,59.0,52.0
2022-03-14,78.0,66.0,59.0,61.0,54.0
2022-03-15,78.0,66.0,59.0,61.0,54.0
2022-03-16,78.0,66.0,59.0,61.0,54.0
2022-03-17,78.0,66.0,59.0,61.0,54.0
2022-03-21,25.0,40.0,49.0,74.0,78.0
2022-03-22,25.0,40.0,49.0,74.0,78.0
2022-03-23,25.0,40.0,49.0,74.0,78.0
2022-03-24,25.0,40.0,49.0,74.0,78.0
2022-03-25,25.0,40.0,49.0,74.0,78.0
2022-03-28,60.0,66.0,21.0,44.0,64.0
2022-03-29,60.0,66.0,21.0,44.0,64.0
2022-03-30,60.0,66.0,21.0,44.0,64.0
2022-03-31,60.0,66.0,21.0,44.0,64.0
2022-04-01,60.0,66.0,21.0,44.0,64.0
2022-04-04,58.0,48.0,32.0,44.0,30.0
2022-04-05,58.0,48.0,32.0,44.0,30.0
2022-04-06,58.0,48.0,32.0,44.0,30.0
2022-04-07,58.0,48.0,32.0,44.0,30.0
2022-04-08,58.0,48.0,32.0,44.0,30.0
2022-04-11,43.0,26.0,61.0,53.0,20.0
2022-04-12,43.0,26.0,61.0,53.0,20.0
2022-04-13,43.0,26.0,61.0,53.0,20.0
2022-04-18,25.0,42.0,61.0,48.0,31.0
2022-04-19,25.0,42.0,61.0,48.0,31.0
2022-04-20,25.0,42.0,61.0,48.0,31.0
2022-04-21,25.0,42.0,61.0,48.0,31.0
2022-04-22,25.0,42.0,61.0,48.0,31.0
2022-04-25,24.0,52.0,66.0,25.0,36.0
2022-04-26,24.0,52.0,66.0,25.0,36.0
2022-04-27,24.0,52.0,66.0,25.0,36.0
2022-04-28,24.0,52.0,66.0,25.0,36.0
2022-04-29,24.0,52.0,66.0,25.0,36.0
2022-05-02,60.0,54.0,62.0,51.0,63.0
2022-05-04,60.0,54.0,62.0,51.0,63.0
2022-05-05,60.0,54.0,62.0,51.0,63.0
2022-05-06,60.0,54.0,62.0,51.0,63.0
2022-05-09,60.0,55.0,51.0,79.0,72.0
2022-05-10,60.0,55.0,51.0,79.0,72.0
2022-05-11,60.0,55.0,51.0,79.0,72.0
2022-05-12,60.0,55.0,51.0,79.0,72.0
2022-05-13,60.0,55.0,51.0,79.0,72.0
2022-05-16,69.0,29.0,42.0,37.0,37.0
2022-05-17,69.0,29.0,42.0,37.0,37.0
2022-05-18,69.0,29.0,42.0,37.0,37.0
2022-05-19,69.0,29.0,42.0,37.0,37.0
2022-05-20,69.0,29.0,42.0,37.0,37.0
2022-05-23,23.0,45.0,44.0,45.0,71.0
2022-05-24,23.0,45.0,44.0,45.0,71.0
2022-05-25,23.0,45.0,44.0,45.0,71.0
2022-05-26,23.0,45.0,44.0,45.0,71.0
2022-05-27,23.0,45.0,44.0,45.0,71.0
2022-05-30,61.0,74.0,68.0,55.0,36.0
2022-05-31,61.0,74.0,68.0,55.0,36.0
2022-06-01,61.0,74.0,68.0,55.0,36.0
2022-06-02,61.0,74.0,68.0,55.0,36.0
2022-06-03,61.0,74.0,68.0,55.0,36.0
2022-06-06,56.0,39.0,30.0,49.0,54.0
2022-06-07,56.0,39.0,30.0,49.0,54.0
2022-06-08,56.0,39.0,30.0,49.0,54.0
2022-06-09,56.0,39.0,30.0,49.0,54.0
2022-06-10,56.0,39.0,30.0,49.0,54.0
2022-06-13,76.0,25.0,65.0,40.0,62.0
2022-06-14,76.0,25.0,65.0,40.0,62.0
2022-06-15,76.0,25.0,65.0,40.0,62.0
2022-06-16,76.0,25.0,65.0,40.0,62.0
2022-06-17,76.0,25.0,65.0,40.0,62.0
2022-06-20,58.0,24.0,58.0,34.0,25.0
2022-06-21,58.0,24.0,58.0,34.0,25.0
2022-06-22,58.0,24.0,58.0,34.0,25.0
2022-06-23,58.0,24.0,58.0,34.0,25.0
2022-06-24,58.0,24.0,58.0,34.0,25.0
2022-06-27,22.0,65.0,27.0,42.0,20.0
2022-06-28,22.0,65.0,27.0,42.0,20.0
2022-06-29,22.0,65.0,27.0,42.0,20.0
2022-06-30,22.0,65.0,27.0,42.0,20.0
2022-07-01,22.0,65.0,27.0,42.0,20.0
2022-07-04,38.0,45.0,25.0,23.0,41.0
2022-07-05,38.0,45.0,25.0,23.0,41.0
2022-07-06,38.0,45.0,25.0,23.0,41.0
2022-07-07,38.0,45.0,25.0,23.0,41.0
2022-07-08,38.0,45.0,25.0,23.0,41.0
2022-07-11,76.0,42.0,59.0,42.0,63.0
2022-07-12,76.0,42.0,59.0,42.0,63.0
2022-07-13,76.0,42.0,59.0,42.0,63.0
2022-07-14,76.0,42.0,59.0,42.0,63.0
2022-07-15,76.0,42.0,59.0,42.0,63.0
2022-07-18,32.0,64.0,70.0,79.0,53.0
2022-07-19,32.0,64.0,70.0,79.0,53.0
2022-07-20,32.0,64.0,70.0,79.0,53.0
2022-07-21,32.0,64.0,70.0,79.0,53.0
2022-07-22,32.0,64.0,70.0,79.0,53.0
2022-07-25,51.0,74.0,51.0,75.0,35.0
2022-07-26,51.0,74.0,51.0,75.0,35.0
2022-07-27,51.0,74.0,51.0,75.0,35.0
2022-07-28,51.0,74.0,51.0,75.0,35.0
2022-07-29,51.0,74.0,51.0,75.0,35.0
2022-08-01,44.0,56.0,74.0,56.0,34.0
2022-08-02,44.0,56.0,74.0,56.0,34.0
2022-08-03,44.0,56.0,74.0,56.0,34.0
2022-08-04,44.0,56.0,74.0,56.0,34.0
2022-08-05,44.0,56.0,74.0,56.0,34.0
2022-08-08,69.0,67.0,26.0,25.0,67.0
2022-08-10,69.0,67.0,26.0,25.0,67.0
2022-08-11,69.0,67.0,26.0,25.0,67.0
2022-08-12,69.0,67.0,26.0,25.0,67.0
2022-08-16,35.0,76.0,64.0,63.0,67.0
2022-08-17,35.0,76.0,64.0,63.0,67.0
2022-08-18,35.0,76.0,64.0,63.0,67.0
2022-08-19,35.0,76.0,64.0,63.0,67.0
2022-08-22,46.0,21.0,28.0,41.0,47.0
2022-08-23,46.0,21.0,28.0,41.0,47.0
2022-08-24,46.0,21.0,28.0,41.0,47.0
2022-08-25,46.0,21.0,28.0,41.0,47.0
2022-08-26,46.0,21.0,28.0,41.0,47.0
2022-08-29,44.0,35.0,61.0,43.0,53.0
2022-08-30,44.0,35.0,61.0,43.0,53.0
2022-09-01,44.0,35.0,61.0,43.0,53.0
2022-09-02,44.0,35.0,61.0,43.0,53.0
2022-09-05,61.0,62.0,71.0,48.0,39.0
2022-09-06,61.0,62.0,71.0,48.0,39.0
2022-09-07,61.0,62.0,71.0,48.0,39.0
2022-09-08,61.0,62.0,71.0,48.0,39.0
2022-09-09,61.0,62.0,71.0,48.0,39.0
2022-09-12,68.0,39.0,46.0,25.0,50.0
2022-09-13,68.0,39.0,46.0,25.0,50.0
2022-09-14,68.0,39.0,46.0,25.0,50.0
2022-09-15,68.0,39.0,46.0,25.0,50.0
2022-09-16,68.0,39.0,46.0,25.0,50.0
2022-09-19,35.0,36.0,21.0,20.0,46.0
2022-09-20,35.0,36.0,21.0,20.0,46.0
2022-09-21,35.0,36.0,21.0,20.0,46.0
2022-09-22,35.0,36.0,21.0,20.0,46.0
2022-09-23,35.0,36.0,21.0,20.0,46.0
2022-09-26,51.0,39.0,63.0,77.0,73.0
2022-09-27,51.0,39.0,63.0,77.0,73.0
2022-09-28,51.0,39.0,63.0,77.0,73.0
2022-09-29,51.0,39.0,63.0,77.0,73.0
2022-09-30,51.0,39.0,63.0,77.0,73.0
2022-10-03,67.0,73.0,29.0,25.0,50.0
2022-10-04,67.0,73.0,29.0,25.0,50.0
2022-10-06,67.0,73.0,29.0,25.0,50.0
2022-10-07,67.0,73.0,29.0,25.0,50.0
2022-10-10,23.0,52.0,20.0,32.0,50.0
2022-10-11,23.0,52.0,20.0,32.0,50.0
2022-10-12,23.0,52.0,20.0,32.0,50.0
2022-10-13,23.0,52.0,20.0,32.0,50.0
2022-10-14,23.0,52.0,20.0,32.0,50.0
2022-10-17,54.0,51.0,40.0,20.0,47.0
2022-10-18,54.0,51.0,40.0,20.0,47.0
2022-10-19,54.0,51.0,40.0,20.0,47.0
2022-10-20,54.0,51.0,40.0,20.0,47.0
2022-10-21,54.0,51.0,40.0,20.0,47.0
2022-10-24,38.0,47.0,63.0,63.0,69.0
2022-10-25,38.0,47.0,63.0,63.0,69.0
2022-10-27,38.0,47.0,63.0,63.0,69.0
2022-10-28,38.0,47.0,63.0,63.0,69.0
2022-10-31,64.0,23.0,26.0,23.0,63.0
2022-11-01,64.0,23.0,26.0,23.0,63.0
2022-11-02,64.0,23.0,26.0,23.0,63.0
2022-11-03,64.0,23.0,26.0,23.0,63.0
2022-11-04,64.0,23.0,26.0,23.0,63.0
2022-11-07,51.0,27.0,22.0,42.0,77.0
2022-11-09,51.0,27.0,22.0,42.0,77.0
2022-11-10,51.0,27.0,22.0,42.0,77.0
2022-11-11,51.0,27.0,22.0,42.0,77.0
2022-11-14,20.0,32.0,50.0,78.0,39.0
2022-11-15,20.0,32.0,50.0,78.0,39.0
2022-11-16,20.0,32.0,50.0,78.0,39.0
2022-11-17,20.0,32.0,50.0,78.0,39.0
2022-11-18,20.0,32.0,50.0,78.0,39.0
2022-11-21,62.0,44.0,39.0,72.0,49.0
2022-11-22,62.0,44.0,39.0,72.0,49.0
2022-11-23,62.0,44.0,39.0,72.0,49.0
2022-11-24,62.0,44.0,39.0,72.0,49.0
2022-11-25,62.0,44.0,39.0,72.0,49.0
2022-11-28,64.0,57.0,34.0,46.0,67.0
2022-11-29,64.0,57.0,34.0,46.0,67.0
2022-11-30,64.0,57.0,34.0,46.0,67.0
2022-12-01,64.0,57.0,34.0,46.0,67.0
2022-12-02,64.0,57.0,34.0,46.0,67.0
2022-12-05,25.0,54.0,34.0,54.0,38.0
2022-12-06,25.0,54.0,34.0,54.0,38.0
2022-12-07,25.0,54.0,34.0,54.0,38.0
2022-12-08,25.0,54.0,34.0,54.0,38.0
2022-12-09,25.0,54.0,34.0,54.0,38.0
2022-12-12,36.0,31.0,72.0,68.0,44.0
2022-12-13,36.0,31.0,72.0,68.0,44.0
2022-12-14,36.0,31.0,72.0,68.0,44.0
2022-12-15,36.0,31.0,72.0,68.0,44.0
2022-12-16,36.0,31.0,72.0,68.0,44.0
2022-12-19,52.0,20.0,51.0,61.0,61.0
2022-12-20,52.0,20.0,51.0,61.0,61.0
2022-12-21,52.0,20.0,51.0,61.0,61.0
2022-12-22,52.0,20.0,51.0,61.0,61.0
2022-12-23,52.0,20.0,51.0,61.0,61.0
2022-12-26,44.0,62.0,41.0,26.0,23.0
2022-12-27,44.0,62.0,41.0,26.0,23.0
2022-12-28,44.0,62.0,41.0,26.0,23.0
2022-12-29,44.0,62.0,41.0,26.0,23.0
2022-12-30,44.0,62.0,41.0,26.0,23.0
2023-01-02,22.0,59.0,70.0,33.0,27.0
2023-01-03,22.0,59.0,70.0,33.0,27.0
2023-01-04,22.0,59.0,70.0,33.0,27.0
2023-01-05,22.0,59.0,70.0,33.0,27.0
2023-01-06,22.0,59.0,70.0,33.0,27.0
2023-01-09,54.0,23.0,50.0,42.0,49.0
2023-01-10,54.0,23.0,50.0,42.0,49.0
2023-01-11,54.0,23.0,50.0,42.0,49.0
2023-01-12,54.0,23.0,50.0,42.0,49.0
2023-01-13,54.0,23.0,50.0,42.0,49.0
2023-01-16,43.0,20.0,77.0,21.0,40.0
2023-01-17,43.0,20.0,77.0,21.0,40.0
2023-01-18,43.0,20.0,77.0,21.0,40.0
2023-01-19,43.0,20.0,77.0,21.0,40.0
2023-01-20,43.0,20.0,77.0,21.0,40.0
2023-01-23,24.0,30.0,25.0,56.0,66.0
2023-01-24,24.0,30.0,25.0,56.0,66.0
2023-01-25,24.0,30.0,25.0,56.0,66.0
2023-01-27,24.0,30.0,25.0,56.0,66.0
2023-01-30,78.0,47.0,61.0,70.0,40.0
2023-01-31,78.0,47.0,61.0,70.0,40.0
2023-02-01,78.0,47.0,61.0,70.0,40.0
2023-02-02,78.0,47.0,61.0,70.0,40.0
2023-02-03,78.0,47.0,61.0,70.0,40.0
2023-02-06,46.0,48.0,77.0,58.0,21.0
2023-02-07,46.0,48.0,77.0,58.0,21.0
2023-02-08,46.0,48.0,77.0,58.0,21.0
2023-02-09,46.0,48.0,77.0,58.0,21.0
2023-02-10,46.0,48.0,77.0,58.0,21.0
2023-02-13,54.0,20.0,33.0,43.0,21.0
2023-02-14,54.0,20.0,33.0,43.0,21.0
2023-02-15,54.0,20.0,33.0,43.0,21.0
2023-02-16,54.0,20.0,33.0,43.0,21.0
2023-02-17,54.0,20.0,33.0,43.0,21.0
2023-02-20,68.0,30.0,45.0,44.0,59.0
2023-02-21,68.0,30.0,45.0,44.0,59.0
2023-02-22,68.0,30.0,45.0,44.0,59.0
2023-02-23,68.0,30.0,45.0,44.0,59.0
2023-02-24,68.0,30.0,45.0,44.0,59.0
2023-02-27,42.0,42.0,26.0,36.0,43.0
2023-02-28,42.0,42.0,26.0,36.0,43.0
2023-03-01,42.0,42.0,26.0,36.0,43.0
2023-03-02,42.0,42.0,26.0,36.0,43.0
2023-03-03,42.0,42.0,26.0,36.0,43.0
2023-03-06,65.0,54.0,58.0,43.0,37.0
2023-03-08,65.0,54.0,58.0,43.0,37.0
2023-03-09,65.0,54.0,58.0,43.0,37.0
2023-03-10,65.0,54.0,58.0,43.0,37.0
2023-03-13,34.0,43.0,56.0,58.0,71.0
2023-03-14,34.0,43.0,56.0,58.0,71.0
2023-03-15,34.0,43.0,56.0,58.0,71.0
2023-03-16,34.0,43.0,56.0,58.0,71.0
2023-03-17,34.0,43.0,56.0,58.0,71.0
2023-03-20,27.0,69.0,27.0,69.0,57.0
2023-03-21,27.0,69.0,27.0,69.0,57.0
2023-03-22,27.0,69.0,27.0,69.0,57.0
2023-03-23,27.0,69.0,27.0,69.0,57.0
2023-03-24,27.0,69.0,27.0,69.0,57.0
2023-03-27,41.0,21.0,57.0,64.0,24.0
2023-03-28,41.0,21.0,57.0,64.0,24.0
2023-03-29,41.0,21.0,57.0,64.0,24.0
2023-03-31,41.0,21.0,57.0,64.0,24.0
2023-04-03,40.0,49.0,61.0,47.0,66.0
2023-04-05,40.0,49.0,61.0,47.0,66.0
2023-04-06,40.0,49.0,61.0,47.0,66.0
2023-04-10,35.0,57.0,40.0,47.0,23.0
2023-04-11,35.0,57.0,40.0,47.0,23.0
2023-04-12,35.0,57.0,40.0,47.0,23.0
2023-04-13,35.0,57.0,40.0,47.0,23.0
2023-04-17,78.0,60.0,24.0,67.0,71.0
2023-04-18,78.0,60.0,24.0,67.0,71.0
2023-04-19,78.0,60.0,24.0,67.0,71.0
2023-04-20,78.0,60.0,24.0,67.0,71.0
2023-04-21,78.0,60.0,24.0,67.0,71.0
2023-04-24,61.0,68.0,39.0,30.0,22.0
2023-04-25,61.0,68.0,39.0,30.0,22.0
2023-04-26,61.0,68.0,39.0,30.0,22.0
2023-04-27,61.0,68.0,39.0,30.0,22.0
2023-04-28,61.0,68.0,39.0,30.0,22.0
2023-05-02,57.0,52.0,45.0,26.0,39.0
2023-05-03,57.0,52.0,45.0,26.0,39.0
2023-05-04,57.0,52.0,45.0,26.0,39.0
2023-05-05,57.0,52.0,45.0,26.0,39.0
2023-05-08,61.0,57.0,57.0,71.0,37.0
2023-05-09,61.0,57.0,57.0,71.0,37.0
2023-05-10,61.0,57.0,57.0,71.0,37.0
2023-05-11,61.0,57.0,57.0,71.0,37.0
2023-05-12,61.0,57.0,57.0,71.0,37.0
2023-05-15,46.0,42.0,70.0,57.0,43.0
2023-05-16,46.0,42.0,70.0,57.0,43.0
2023-05-17,46.0,42.0,70.0,57.0,43.0
2023-05-18,46.0,42.0,70.0,57.0,43.0
2023-05-19,46.0,42.0,70.0,57.0,43.0
2023-05-22,52.0,35.0,71.0,46.0,51.0
2023-05-23,52.0,35.0,71.0,46.0,51.0
2023-05-24,52.0,35.0,71.0,46.0,51.0
2023-05-25,52.0,35.0,71.0,46.0,51.0
2023-05-26,52.0,35.0,71.0,46.0,51.0
2023-05-29,35.0,42.0,36.0,21.0,28.0
2023-05-30,35.0,42.0,36.0,21.0,28.0
2023-05-31,35.0,42.0,36.0,21.0,28.0
2023-06-01,35.0,42.0,36.0,21.0,28.0
2023-06-02,35.0,42.0,36.0,21.0,28.0
2023-06-05,74.0,26.0,68.0,59.0,38.0
2023-06-06,74.0,26.0,68.0,59.0,38.0
2023-06-07,74.0,26.0,68.0,59.0,38.0
2023-06-08,74.0,26.0,68.0,59.0,38.0
2023-06-09,74.0,26.0,68.0,59.0,38.0
2023-06-12,36.0,49.0,67.0,35.0,29.0
2023-06-13,36.0,49.0,67.0,35.0,29.0
2023-06-14,36.0,49.0,67.0,35.0,29.0
2023-06-15,36.0,49.0,67.0,35.0,29.0
2023-06-16,36.0,49.0,67.0,35.0,29.0
2023-06-19,39.0,68.0,33.0,25.0,77.0
2023-06-20,39.0,68.0,33.0,25.0,77.0
2023-06-21,39.0,68.0,33.0,25.0,77.0
2023-06-22,39.0,68.0,33.0,25.0,77.0
2023-06-23,39.0,68.0,33.0,25.0,77.0
2023-06-26,32.0,24.0,61.0,20.0,51.0
2023-06-27,32.0,24.0,61.0,20.0,51.0
2023-06-28,32.0,24.0,61.0,20.0,51.0
2023-06-30,32.0,24.0,61.0,20.0,51.0
2023-07-03,24.0,45.0,68.0,53.0,37.0
2023-07-04,24.0,45.0,68.0,53.0,37.0
2023-07-05,24.0,45.0,68.0,53.0,37.0
2023-07-06,24.0,45.0,68.0,53.0,37.0
2023-07-07,24.0,45.0,68.0,53.0,37.0
2023-07-10,48.0,65.0,35.0,20.0,53.0
2023-07-11,48.0,65.0,35.0,20.0,53.0
2023-07-12,48.0,65.0,35.0,20.0,53.0
2023-07-13,48.0,65.0,35.0,20.0,53.0
2023-07-14,48.0,65.0,35.0,20.0,53.0
2023-07-17,49.0,71.0,78.0,78.0,45.0
2023-07-18,49.0,71.0,78.0,78.0,45.0
2023-07-19,49.0,71.0,78.0,78.0,45.0
2023-07-20,49.0,71.0,78.0,78.0,45.0
2023-07-21,49.0,71.0,78.0,78.0,45.0
2023-07-24,79.0,68.0,65.0,46.0,44.0
2023-07-25,79.0,68.0,65.0,46.0,44.0
2023-07-26,79.0,68.0,65.0,46.0,44.0
2023-07-27,79.0,68.0,65.0,46.0,44.0
2023-07-28,79.0,68.0,65.0,46.0,44.0
2023-07-31,34.0,53.0,77.0,75.0,72.0
2023-08-01,34.0,53.0,77.0,75.0,72.0
2023-08-02,34.0,53.0,77.0,75.0,72.0
2023-08-03,34.0,53.0,77.0,75.0,72.0
2023-08-04,34.0,53.0,77.0,75.0,72.0
2023-08-07,23.0,54.0,74.0,66.0,72.0
2023-08-08,23.0,54.0,74.0,66.0,72.0
2023-08-09,23.0,54.0,74.0,66.0,72.0
2023-08-10,23.0,54.0,74.0,66.0,72.0
2023-08-11,23.0,54.0,74.0,66.0,72.0
2023-08-14,58.0,70.0,47.0,54.0,60.0
2023-08-16,58.0,70.0,47.0,54.0,60.0
2023-08-17,58.0,70.0,47.0,54.0,60.0
2023-08-18,58.0,70.0,47.0,54.0,60.0
2023-08-21,60.0,74.0,35.0,64.0,40.0
2023-08-22,60.0,74.0,35.0,64.0,40.0
2023-08-23,60.0,74.0,35.0,64.0,40.0
2023-08-24,60.0,74.0,35.0,64.0,40.0
2023-08-25,60.0,74.0,35.0,64.0,40.0
2023-08-28,24.0,31.0,55.0,35.0,54.0
2023-08-29,24.0,31.0,55.0,35.0,54.0
2023-08-30,24.0,31.0,55.0,35.0,54.0
2023-08-31,24.0,31.0,55.0,35.0,54.0
2023-09-01,24.0,31.0,55.0,35.0,54.0
2023-09-04,60.0,76.0,47.0,49.0,69.0
2023-09-05,60.0,76.0,47.0,49.0,69.0
2023-09-06,60.0,76.0,47.0,49.0,69.0
2023-09-07,60.0,76.0,47.0,49.0,69.0
2023-09-08,60.0,76.0,47.0,49.0,69.0
2023-09-11,36.0,47.0,27.0,61.0,23.0
2023-09-12,36.0,47.0,27.0,61.0,23.0
2023-09-13,36.0,47.0,27.0,61.0,23.0
2023-09-14,36.0,47.0,27.0,61.0,23.0
2023-09-15,36.0,47.0,27.0,61.0,23.0
2023-09-18,34.0,32.0,33.0,28.0,46.0
2023-09-20,34.0,32.0,33.0,28.0,46.0
2023-09-21,34.0,32.0,33.0,28.0,46.0
2023-09-22,34.0,32.0,33.0,28.0,46.0
2023-09-25,73.0,66.0,29.0,33.0,77.0
2023-09-26,73.0,66.0,29.0,33.0,77.0
2023-09-27,73.0,66.0,29.0,33.0,77.0
2023-09-28,73.0,66.0,29.0,33.0,77.0
2023-09-29,73.0,66.0,29.0,33.0,77.0
2023-10-03,42.0,43.0,29.0,77.0,37.0
2023-10-04,42.0,43.0,29.0,77.0,37.0
2023-10-05,42.0,43.0,29.0,77.0,37.0
2023-10-06,42.0,43.0,29.0,77.0,37.0
2023-10-09,49.0,65.0,21.0,23.0,31.0
2023-10-10,49.0,65.0,21.0,23.0,31.0
2023-10-11,49.0,65.0,21.0,23.0,31.0
2023-10-12,49.0,65.0,21.0,23.0,31.0
2023-10-13,49.0,65.0,21.0,23.0,31.0
2023-10-16,56.0,37.0,46.0,24.0,41.0
2023-10-17,56.0,37.0,46.0,24.0,41.0
2023-10-18,56.0,37.0,46.0,24.0,41.0
2023-10-19,56.0,37.0,46.0,24.0,41.0
2023-10-20,56.0,37.0,46.0,24.0,41.0
2023-10-23,64.0,76.0,72.0,29.0,45.0
2023-10-25,64.0,76.0,72.0,29.0,45.0
2023-10-26,64.0,76.0,72.0,29.0,45.0
2023-10-27,64.0,76.0,72.0,29.0,45.0
2023-10-30,38.0,42.0,34.0,51.0,59.0
2023-10-31,38.0,42.0,34.0,51.0,59.0
2023-11-01,38.0,42.0,34.0,51.0,59.0
2023-11-02,38.0,42.0,34.0,51.0,59.0
2023-11-03,38.0,42.0,34.0,51.0,59.0
2023-11-06,44.0,24.0,46.0,69.0,61.0
2023-11-07,44.0,24.0,46.0,69.0,61.0
2023-11-08,44.0,24.0,46.0,69.0,61.0
2023-11-09,44.0,24.0,46.0,69.0,61.0
2023-11-10,44.0,24.0,46.0,69.0,61.0
2023-11-13,30.0,21.0,41.0,55.0,49.0
2023-11-15,30.0,21.0,41.0,55.0,49.0
2023-11-16,30.0,21.0,41.0,55.0,49.0
2023-11-17,30.0,21.0,41.0,55.0,49.0
2023-11-20,73.0,70.0,39.0,28.0,69.0
2023-11-21,73.0,70.0,39.0,28.0,69.0
2023-11-22,73.0,70.0,39.0,28.0,69.0
2023-11-23,73.0,70.0,39.0,28.0,69.0
2023-11-24,73.0,70.0,39.0,28.0,69.0
2023-11-28,35.0,67.0,41.0,25.0,56.0
2023-11-29,35.0,67.0,41.0,25.0,56.0
2023-11-30,35.0,67.0,41.0,25.0,56.0
2023-12-01,35.0,67.0,41.0,25.0,56.0
2023-12-04,36.0,33.0,30.0,21.0,33.0
2023-12-05,36.0,33.0,30.0,21.0,33.0
2023-12-06,36.0,33.0,30.0,21.0,33.0
2023-12-07,36.0,33.0,30.0,21.0,33.0
2023-12-08,36.0,33.0,30.0,21.0,33.0
2023-12-11,66.0,24.0,37.0,70.0,66.0
2023-12-12,66.0,24.0,37.0,70.0,66.0
2023-12-13,66.0,24.0,37.0,70.0,66.0
2023-12-14,66.0,24.0,37.0,70.0,66.0
2023-12-15,66.0,24.0,37.0,70.0,66.0
2023-12-18,21.0,22.0,64.0,78.0,68.0
2023-12-19,21.0,22.0,64.0,78.0,68.0
2023-12-20,21.0,22.0,64.0,78.0,68.0
2023-12-21,21.0,22.0,64.0,78.0,68.0
2023-12-22,21.0,22.0,64.0,78.0,68.0
2023-12-26,61.0,42.0,52.0,35.0,42.0
2023-12-27,61.0,42.0,52.0,35.0,42.0
2023-12-28,61.0,42.0,52.0,35.0,42.0
2023-12-29,61.0,42.0,52.0,35.0,42.0
2024-01-01,48.0,78.0,55.0,48.0,22.0
2024-01-02,48.0,78.0,55.0,48.0,22.0
2024-01-03,48.0,78.0,55.0,48.0,22.0
2024-01-04,48.0,78.0,55.0,48.0,22.0
2024-01-05,48.0,78.0,55.0,48.0,22.0
2024-01-08,78.0,50.0,44.0,29.0,62.0
2024-01-09,78.0,50.0,44.0,29.0,62.0
2024-01-10,78.0,50.0,44.0,29.0,62.0
2024-01-11,78.0,50.0,44.0,29.0,62.0
2024-01-12,78.0,50.0,44.0,29.0,62.0
2024-01-15,29.0,59.0,52.0,25.0,53.0
2024-01-16,29.0,59.0,52.0,25.0,53.0
2024-01-17,29.0,59.0,52.0,25.0,53.0
2024-01-18,29.0,59.0,52.0,25.0,53.0
2024-01-19,29.0,59.0,52.0,25.0,53.0
2024-01-23,46.0,32.0,28.0,62.0,38.0
2024-01-24,46.0,32.0,28.0,62.0,38.0
2024-01-25,46.0,32.0,28.0,62.0,38.0
2024-01-29,75.0,32.0,60.0,41.0,73.0
2024-01-30,75.0,32.0,60.0,41.0,73.0
2024-01-31,75.0,32.0,60.0,41.0,73.0
2024-02-01,75.0,32.0,60.0,41.0,73.0
2024-02-02,75.0,32.0,60.0,41.0,73.0
2024-02-05,38.0,70.0,56.0,74.0,29.0
2024-02-06,38.0,70.0,56.0,74.0,29.0
2024-02-07,38.0,70.0,56.0,74.0,29.0
2024-02-08,38.0,70.0,56.0,74.0,29.0
2024-02-09,38.0,70.0,56.0,74.0,29.0
2024-02-12,27.0,59.0,68.0,44.0,57.0
2024-02-13,27.0,59.0,68.0,44.0,57.0
2024-02-14,27.0,59.0,68.0,44.0,57.0
2024-02-15,27.0,59.0,68.0,44.0,57.0
2024-02-16,27.0,59.0,68.0,44.0,57.0
2024-02-19,77.0,47.0,37.0,28.0,28.0
2024-02-20,77.0,47.0,37.0,28.0,28.0
2024-02-21,77.0,47.0,37.0,28.0,28.0
2024-02-22,77.0,47.0,37.0,28.0,28.0
2024-02-23,77.0,47.0,37.0,28.0,28.0
2024-02-26,55.0,64.0,62.0,75.0,69.0
2024-02-27,55.0,64.0,62.0,75.0,69.0
2024-02-28,55.0,64.0,62.0,75.0,69.0
2024-02-29,55.0,64.0,62.0,75.0,69.0
2024-03-01,55.0,64.0,62.0,75.0,69.0
2024-03-04,57.0,58.0,52.0,77.0,50.0
2024-03-05,57.0,58.0,52.0,77.0,50.0
2024-03-06,57.0,58.0,52.0,77.0,50.0
2024-03-07,57.0,58.0,52.0,77.0,50.0
2024-03-11,78.0,45.0,39.0,53.0,46.0
2024-03-12,78.0,45.0,39.0,53.0,46.0
2024-03-13,78.0,45.0,39.0,53.0,46.0
2024-03-14,78.0,45.0,39.0,53.0,46.0
2024-03-15,78.0,45.0,39.0,53.0,46.0
2024-03-18,58.0,67.0,49.0,72.0,65.0
2024-03-19,58.0,67.0,49.0,72.0,65.0
2024-03-20,58.0,67.0,49.0,72.0,65.0
2024-03-21,58.0,67.0,49.0,72.0,65.0
2024-03-22,58.0,67.0,49.0,72.0,65.0
2024-03-26,59.0,62.0,54.0,21.0,38.0
2024-03-27,59.0,62.0,54.0,21.0,38.0
2024-03-28,59.0,62.0,54.0,21.0,38.0
2024-04-01,20.0,31.0,39.0,32.0,59.0
2024-04-02,20.0,31.0,39.0,32.0,59.0
2024-04-03,20.0,31.0,39.0,32.0,59.0
2024-04-04,20.0,31.0,39.0,32.0,59.0
2024-04-05,20.0,31.0,39.0,32.0,59.0
2024-04-08,45.0,50.0,48.0,27.0,28.0
2024-04-09,45.0,50.0,48.0,27.0,28.0
2024-04-10,45.0,50.0,48.0,27.0,28.0
2024-04-12,45.0,50.0,48.0,27.0,28.0
2024-04-15,45.0,47.0,49.0,68.0,29.0
2024-04-16,45.0,47.0,49.0,68.0,29.0
2024-04-18,45.0,47.0,49.0,68.0,29.0
2024-04-19,45.0,47.0,49.0,68.0,29.0
2024-04-22,41.0,41.0,55.0,30.0,75.0
2024-04-23,41.0,41.0,55.0,30.0,75.0
2024-04-24,41.0,41.0,55.0,30.0,75.0
2024-04-25,41.0,41.0,55.0,30.0,75.0
2024-04-26,41.0,41.0,55.0,30.0,75.0
2024-04-29,37.0,42.0,70.0,62.0,32.0
2024-04-30,37.0,42.0,70.0,62.0,32.0
2024-05-02,37.0,42.0,70.0,62.0,32.0
2024-05-03,37.0,42.0,70.0,62.0,32.0
2024-05-06,73.0,70.0,28.0,31.0,55.0
2024-05-07,73.0,70.0,28.0,31.0,55.0
2024-05-08,73.0,70.0,28.0,31.0,55.0
2024-05-09,73.0,70.0,28.0,31.0,55.0
2024-05-10,73.0,70.0,28.0,31.0,55.0
2024-05-13,69.0,71.0,61.0,73.0,73.0
2024-05-14,69.0,71.0,61.0,73.0,73.0
2024-05-15,69.0,71.0,61.0,73.0,73.0
2024-05-16,69.0,71.0,61.0,73.0,73.0
2024-05-17,69.0,71.0,61.0,73.0,73.0
2024-05-21,30.0,35.0,24.0,61.0,45.0
2024-05-22,30.0,35.0,24.0,61.0,45.0
2024-05-23,30.0,35.0,24.0,61.0,45.0
2024-05-24,30.0,35.0,24.0,61.0,45.0
2024-05-27,62.0,31.0,57.0,36.0,46.0
2024-05-28,62.0,31.0,57.0,36.0,46.0
2024-05-29,62.0,31.0,57.0,36.0,46.0
2024-05-30,62.0,31.0,57.0,36.0,46.0
2024-05-31,62.0,31.0,57.0,36.0,46.0
2024-06-03,31.0,57.0,43.0,70.0,25.0
2024-06-04,31.0,57.0,43.0,70.0,25.0
2024-06-05,31.0,57.0,43.0,70.0,25.0
2024-06-06,31.0,57.0,43.0,70.0,25.0
2024-06-07,31.0,57.0,43.0,70.0,25.0
2024-06-10,33.0,39.0,27.0,52.0,37.0
2024-06-11,33.0,39.0,27.0,52.0,37.0
2024-06-12,33.0,39.0,27.0,52.0,37.0
2024-06-13,33.0,39.0,27.0,52.0,37.0
2024-06-14,33.0,39.0,27.0,52.0,37.0
2024-06-18,69.0,49.0,31.0,34.0,49.0
2024-06-19,69.0,49.0,31.0,34.0,49.0
2024-06-20,69.0,49.0,31.0,34.0,49.0
2024-06-21,69.0,49.0,31.0,34.0,49.0
2024-06-24,37.0,25.0,76.0,60.0,29.0
2024-06-25,37.0,25.0,76.0,60.0,29.0
2024-06-26,37.0,25.0,76.0,60.0,29.0
2024-06-27,37.0,25.0,76.0,60.0,29.0
2024-06-28,37.0,25.0,76.0,60.0,29.0
2024-07-01,50.0,57.0,79.0,56.0,71.0
2024-07-02,50.0,57.0,79.0,56.0,71.0
2024-07-03,50.0,57.0,79.0,56.0,71.0
2024-07-04,50.0,57.0,79.0,56.0,71.0
2024-07-05,50.0,57.0,79.0,56.0,71.0
2024-07-08,61.0,29.0,41.0,35.0,77.0
2024-07-09,61.0,29.0,41.0,35.0,77.0
2024-07-10,61.0,29.0,41.0,35.0,77.0
2024-07-11,61.0,29.0,41.0,35.0,77.0
2024-07-12,61.0,29.0,41.0,35.0,77.0
2024-07-15,60.0,62.0,57.0,37.0,67.0
2024-07-16,60.0,62.0,57.0,37.0,67.0
2024-07-18,60.0,62.0,57.0,37.0,67.0
2024-07-19,60.0,62.0,57.0,37.0,67.0
2024-07-22,26.0,75.0,62.0,49.0,41.0
2024-07-23,26.0,75.0,62.0,49.0,41.0
2024-07-24,26.0,75.0,62.0,49.0,41.0
2024-07-25,26.0,75.0,62.0,49.0,41.0
2024-07-26,26.0,75.0,62.0,49.0,41.0
2024-07-29,38.0,31.0,53.0,44.0,35.0
2024-07-30,38.0,31.0,53.0,44.0,35.0
2024-07-31,38.0,31.0,53.0,44.0,35.0
2024-08-01,38.0,31.0,53.0,44.0,35.0
2024-08-02,38.0,31.0,53.0,44.0,35.0
2024-08-05,67.0,56.0,21.0,35.0,49.0
2024-08-06,67.0,56.0,21.0,35.0,49.0
2024-08-07,67.0,56.0,21.0,35.0,49.0
2024-08-08,67.0,56.0,21.0,35.0,49.0
2024-08-09,67.0,56.0,21.0,35.0,49.0
2024-08-12,59.0,41.0,57.0,67.0,39.0
2024-08-13,59.0,41.0,57.0,67.0,39.0
2024-08-14,59.0,41.0,57.0,67.0,39.0
2024-08-16,59.0,41.0,57.0,67.0,39.0
2024-08-19,75.0,57.0,33.0,37.0,35.0
2024-08-20,75.0,57.0,33.0,37.0,35.0
2024-08-21,75.0,57.0,33.0,37.0,35.0
2024-08-22,75.0,57.0,33.0,37.0,35.0
2024-08-23,75.0,57.0,33.0,37.0,35.0
2024-08-26,75.0,53.0,48.0,42.0,50.0
2024-08-27,75.0,53.0,48.0,42.0,50.0
2024-08-28,75.0,53.0,48.0,42.0,50.0
2024-08-29,75.0,53.0,48.0,42.0,50.0
2024-08-30,75.0,53.0,48.0,42.0,50.0
2024-09-02,60.0,47.0,72.0,24.0,64.0
2024-09-03,60.0,47.0,72.0,24.0,64.0
2024-09-04,60.0,47.0,72.0,24.0,64.0
2024-09-05,60.0,47.0,72.0,24.0,64.0
2024-09-06,60.0,47.0,72.0,24.0,64.0
2024-09-09,30.0,46.0,31.0,57.0,40.0
2024-09-10,30.0,46.0,31.0,57.0,40.0
2024-09-11,30.0,46.0,31.0,57.0,40.0
2024-09-12,30.0,46.0,31.0,57.0,40.0
2024-09-13,30.0,46.0,31.0,57.0,40.0
2024-09-16,34.0,54.0,40.0,76.0,57.0
2024-09-17,34.0,54.0,40.0,76.0,57.0
2024-09-18,34.0,54.0,40.0,76.0,57.0
2024-09-19,34.0,54.0,40.0,76.0,57.0
2024-09-20,34.0,54.0,40.0,76.0,57.0
2024-09-23,73.0,46.0,45.0,39.0,36.0
2024-09-24,73.0,46.0,45.0,39.0,36.0
2024-09-25,73.0,46.0,45.0,39.0,36.0
2024-09-26,73.0,46.0,45.0,39.0,36.0
2024-09-27,73.0,46.0,45.0,39.0,36.0
2024-09-30,48.0,57.0,28.0,64.0,68.0
2024-10-01,48.0,57.0,28.0,64.0,68.0
2024-10-03,48.0,57.0,28.0,64.0,68.0
2024-10-04,48.0,57.0,28.0,64.0,68.0
2024-10-07,36.0,32.0,73.0,62.0,63.0
2024-10-08,36.0,32.0,73.0,62.0,63.0
2024-10-09,36.0,32.0,73.0,62.0,63.0
2024-10-10,36.0,32.0,73.0,62.0,63.0
2024-10-11,36.0,32.0,73.0,62.0,63.0
2024-10-14,38.0,42.0,47.0,33.0,53.0
2024-10-15,38.0,42.0,47.0,33.0,53.0
2024-10-16,38.0,42.0,47.0,33.0,53.0
2024-10-17,38.0,42.0,47.0,33.0,53.0
2024-10-18,38.0,42.0,47.0,33.0,53.0
2024-10-21,38.0,68.0,47.0,68.0,57.0
2024-10-22,38.0,68.0,47.0,68.0,57.0
2024-10-23,38.0,68.0,47.0,68.0,57.0
2024-10-24,38.0,68.0,47.0,68.0,57.0
2024-10-25,38.0,68.0,47.0,68.0,57.0
2024-10-28,43.0,21.0,56.0,29.0,28.0
2024-10-29,43.0,21.0,56.0,29.0,28.0
2024-10-30,43.0,21.0,56.0,29.0,28.0
2024-10-31,43.0,21.0,56.0,29.0,28.0
2024-11-01,43.0,21.0,56.0,29.0,28.0
2024-11-04,64.0,69.0,32.0,56.0,78.0
2024-11-05,64.0,69.0,32.0,56.0,78.0
2024-11-06,64.0,69.0,32.0,56.0,78.0
2024-11-07,64.0,69.0,32.0,56.0,78.0
2024-11-08,64.0,69.0,32.0,56.0,78.0
2024-11-11,28.0,38.0,28.0,50.0,45.0
2024-11-12,28.0,38.0,28.0,50.0,45.0
2024-11-13,28.0,38.0,28.0,50.0,45.0
2024-11-14,28.0,38.0,28.0,50.0,45.0
2024-11-18,20.0,69.0,60.0,67.0,29.0
2024-11-19,20.0,69.0,60.0,67.0,29.0
2024-11-21,20.0,69.0,60.0,67.0,29.0
2024-11-22,20.0,69.0,60.0,67.0,29.0
2024-11-25,24.0,78.0,45.0,76.0,51.0
2024-11-26,24.0,78.0,45.0,76.0,51.0
2024-11-27,24.0,78.0,45.0,76.0,51.0
2024-11-28,24.0,78.0,45.0,76.0,51.0
2024-11-29,24.0,78.0,45.0,76.0,51.0
2024-12-02,44.0,51.0,31.0,29.0,29.0
2024-12-03,44.0,51.0,31.0,29.0,29.0
2024-12-04,44.0,51.0,31.0,29.0,29.0
2024-12-05,44.0,51.0,31.0,29.0,29.0
2024-12-06,44.0,51.0,31.0,29.0,29.0
2024-12-09,53.0,33.0,42.0,31.0,73.0
2024-12-10,53.0,33.0,42.0,31.0,73.0
2024-12-11,53.0,33.0,42.0,31.0,73.0
2024-12-12,53.0,33.0,42.0,31.0,73.0
2024-12-13,53.0,33.0,42.0,31.0,73.0
2024-12-16,45.0,52.0,38.0,45.0,67.0
2024-12-17,45.0,52.0,38.0,45.0,67.0
2024-12-18,45.0,52.0,38.0,45.0,67.0
2024-12-19,45.0,52.0,38.0,45.0,67.0
2024-12-20,45.0,52.0,38.0,45.0,67.0
2024-12-23,78.0,26.0,41.0,39.0,25.0
2024-12-24,78.0,26.0,41.0,39.0,25.0
2024-12-26,78.0,26.0,41.0,39.0,25.0
2024-12-27,78.0,26.0,41.0,39.0,25.0
2024-12-30,26.0,61.0,65.0,73.0,64.0
2024-12-31,26.0,61.0,65.0,73.0,64.0
2025-01-01,26.0,61.0,65.0,73.0,64.0
2025-01-02,26.0,61.0,65.0,73.0,64.0
2025-01-03,26.0,61.0,65.0,73.0,64.0
2025-01-06,28.0,58.0,27.0,37.0,64.0
2025-01-07,28.0,58.0,27.0,37.0,64.0
2025-01-08,28.0,58.0,27.0,37.0,64.0
2025-01-09,28.0,58.0,27.0,37.0,64.0
2025-01-10,28.0,58.0,27.0,37.0,64.0
2025-01-13,46.0,22.0,47.0,21.0,50.0
2025-01-14,46.0,22.0,47.0,21.0,50.0
2025-01-15,46.0,22.0,47.0,21.0,50.0
2025-01-16,46.0,22.0,47.0,21.0,50.0
2025-01-17,46.0,22.0,47.0,21.0,50.0
2025-01-20,54.0,41.0,69.0,64.0,65.0
2025-01-21,54.0,41.0,69.0,64.0,65.0
2025-01-22,54.0,41.0,69.0,64.0,65.0
2025-01-23,54.0,41.0,69.0,64.0,65.0
2025-01-24,54.0,41.0,69.0,64.0,65.0
2025-01-27,72.0,71.0,64.0,40.0,66.0
2025-01-28,72.0,71.0,64.0,40.0,66.0
2025-01-29,72.0,71.0,64.0,40.0,66.0
2025-01-30,72.0,71.0,64.0,40.0,66.0
2025-01-31,72.0,71.0,64.0,40.0,66.0
2025-02-01,,,,,
2025-02-03,44.0,74.0,32.0,78.0,41.0
2025-02-04,44.0,74.0,32.0,78.0,41.0
2025-02-05,44.0,74.0,32.0,78.0,41.0
2025-02-06,44.0,74.0,32.0,78.0,41.0
2025-02-07,44.0,74.0,32.0,78.0,41.0
2025-02-10,75.0,31.0,49.0,59.0,49.0
2025-02-11,75.0,31.0,49.0,59.0,49.0
2025-02-12,75.0,31.0,49.0,59.0,49.0
2025-02-13,75.0,31.0,49.0,59.0,49.0
2025-02-14,75.0,31.0,49.0,59.0,49.0
2025-02-17,29.0,69.0,36.0,23.0,25.0
2025-02-18,29.0,69.0,36.0,23.0,25.0
2025-02-19,29.0,69.0,36.0,23.0,25.0
2025-02-20,29.0,69.0,36.0,23.0,25.0
2025-02-21,29.0,69.0,36.0,23.0,25.0
2025-02-24,33.0,70.0,71.0,60.0,47.0
2025-02-25,33.0,70.0,71.0,60.0,47.0
2025-02-27,33.0,70.0,71.0,60.0,47.0
2025-02-28,33.0,70.0,71.0,60.0,47.0
2025-03-03,33.0,57.0,73.0,66.0,52.0
2025-03-04,33.0,57.0,73.0,66.0,52.0
2025-03-05,33.0,57.0,73.0,66.0,52.0
2025-03-06,33.0,57.0,73.0,66.0,52.0
2025-03-07,33.0,57.0,73.0,66.0,52.0
2025-03-10,48.0,70.0,50.0,44.0,41.0
2025-03-11,48.0,70.0,50.0,44.0,41.0
2025-03-12,48.0,70.0,50.0,44.0,41.0
2025-03-13,48.0,70.0,50.0,44.0,41.0
2025-03-17,27.0,75.0,25.0,27.0,27.0
2025-03-18,27.0,75.0,25.0,27.0,27.0
2025-03-19,27.0,75.0,25.0,27.0,27.0
2025-03-20,27.0,75.0,25.0,27.0,27.0
2025-03-21,27.0,75.0,25.0,27.0,27.0
2025-03-24,76.0,27.0,48.0,67.0,33.0
2025-03-25,76.0,27.0,48.0,67.0,33.0
2025-03-26,76.0,27.0,48.0,67.0,33.0
2025-03-27,76.0,27.0,48.0,67.0,33.0
2025-03-28,76.0,27.0,48.0,67.0,33.0
2025-04-01,71.0,67.0,68.0,64.0,33.0
2025-04-02,71.0,67.0,68.0,64.0,33.0
2025-04-03,71.0,67.0,68.0,64.0,33.0
2025-04-04,71.0,67.0,68.0,64.0,33.0
2025-04-07,64.0,78.0,49.0,36.0,79.0
2025-04-08,64.0,78.0,49.0,36.0,79.0
2025-04-09,64.0,78.0,49.0,36.0,79.0
2025-04-11,64.0,78.0,49.0,36.0,79.0
2025-04-15,77.0,71.0,68.0,56.0,51.0
2025-04-16,77.0,71.0,68.0,56.0,51.0
2025-04-17,77.0,71.0,68.0,56.0,51.0
2025-04-21,40.0,36.0,34.0,41.0,51.0
2025-04-22,40.0,36.0,34.0,41.0,51.0
2025-04-23,40.0,36.0,34.0,41.0,51.0
2025-04-24,40.0,36.0,34.0,41.0,51.0
2025-04-25,40.0,36.0,34.0,41.0,51.0
2025-04-28,37.0,35.0,79.0,64.0,34.0
2025-04-29,37.0,35.0,79.0,64.0,34.0
2025-04-30,37.0,35.0,79.0,64.0,34.0
2025-05-02,37.0,35.0,79.0,64.0,34.0
2025-05-05,33.0,79.0,62.0,51.0,22.0
2025-05-06,33.0,79.0,62.0,51.0,22.0
2025-05-07,33.0,79.0,62.0,51.0,22.0
2025-05-08,33.0,79.0,62.0,51.0,22.0
2025-05-09,33.0,79.0,62.0,51.0,22.0
2025-05-12,37.0,44.0,50.0,57.0,79.0
2025-05-13,37.0,44.0,50.0,57.0,79.0
2025-05-14,37.0,44.0,50.0,57.0,79.0
2025-05-15,37.0,44.0,50.0,57.0,79.0
2025-05-16,37.0,44.0,50.0,57.0,79.0
2025-05-19,34.0,24.0,39.0,64.0,27.0
2025-05-20,34.0,24.0,39.0,64.0,27.0
2025-05-21,34.0,24.0,39.0,64.0,27.0
2025-05-22,34.0,24.0,39.0,64.0,27.0
2025-05-23,34.0,24.0,39.0,64.0,27.0
2025-05-26,79.0,57.0,38.0,32.0,22.0
2025-05-27,79.0,57.0,38.0,32.0,22.0
2025-05-28,79.0,57.0,38.0,32.0,22.0
2025-05-29,79.0,57.0,38.0,32.0,22.0
2025-05-30,79.0,57.0,38.0,32.0,22.0
2025-06-02,26.0,74.0,75.0,66.0,29.0
2025-06-03,26.0,74.0,75.0,66.0,29.0
2025-06-04,26.0,74.0,75.0,66.0,29.0
2025-06-05,26.0,74.0,75.0,66.0,29.0
2025-06-06,26.0,74.0,75.0,66.0,29.0
2025-06-09,72.0,44.0,32.0,41.0,56.0
2025-06-10,72.0,44.0,32.0,41.0,56.0
2025-06-11,72.0,44.0,32.0,41.0,56.0
2025-06-12,72.0,44.0,32.0,41.0,56.0
2025-06-13,72.0,44.0,32.0,41.0,56.0
2025-06-16,73.0,63.0,37.0,55.0,41.0
2025-06-17,73.0,63.0,37.0,55.0,41.0
2025-06-18,73.0,63.0,37.0,55.0,41.0
2025-06-19,73.0,63.0,37.0,55.0,41.0
2025-06-20,73.0,63.0,37.0,55.0,41.0
2025-06-23,36.0,51.0,48.0,66.0,33.0
2025-06-24,36.0,51.0,48.0,66.0,33.0
2025-06-25,36.0,51.0,48.0,66.0,33.0
2025-06-26,36.0,51.0,48.0,66.0,33.0
2025-06-27,36.0,51.0,48.0,66.0,33.0
2025-06-30,49.0,75.0,59.0,42.0,47.0
2025-07-01,49.0,75.0,59.0,42.0,47.0
2025-07-02,49.0,75.0,59.0,42.0,47.0
2025-07-03,49.0,75.0,59.0,42.0,47.0
2025-07-04,49.0,75.0,59.0,42.0,47.0
2025-07-07,26.0,65.0,61.0,56.0,62.0
2025-07-08,26.0,65.0,61.0,56.0,62.0
2025-07-09,26.0,65.0,61.0,56.0,62.0
2025-07-10,26.0,65.0,61.0,56.0,62.0
2025-07-11,26.0,65.0,61.0,56.0,62.0
2025-07-14,61.0,25.0,58.0,71.0,56.0
2025-07-15,61.0,25.0,58.0,71.0,56.0
2025-07-16,61.0,25.0,58.0,71.0,56.0
2025-07-17,61.0,25.0,58.0,71.0,56.0
2025-07-18,61.0,25.0,58.0,71.0,56.0
2025-07-21,20.0,21.0,26.0,77.0,31.0
2025-07-22,20.0,21.0,26.0,77.0,31.0
2025-07-23,20.0,21.0,26.0,77.0,31.0
2025-07-24,20.0,21.0,26.0,77.0,31.0
2025-07-25,20.0,21.0,26.0,77.0,31.0
2025-07-28,45.0,58.0,49.0,74.0,34.0
2025-07-29,45.0,58.0,49.0,74.0,34.0
2025-07-30,45.0,58.0,49.0,74.0,34.0
2025-07-31,45.0,58.0,49.0,74.0,34.0
2025-08-01,45.0,58.0,49.0,74.0,34.0
2025-08-04,69.0,28.0,24.0,62.0,71.0
2025-08-05,69.0,28.0,24.0,62.0,71.0
2025-08-06,69.0,28.0,24.0,62.0,71.0
2025-08-07,69.0,28.0,24.0,62.0,71.0
2025-08-08,69.0,28.0,24.0,62.0,71.0
2025-08-11,49.0,32.0,44.0,47.0,55.0
2025-08-12,49.0,32.0,44.0,47.0,55.0
2025-08-13,49.0,32.0,44.0,47.0,55.0
2025-08-14,49.0,32.0,44.0,47.0,55.0
2025-08-18,41.0,22.0,30.0,66.0,21.0
2025-08-19,41.0,22.0,30.0,66.0,21.0
2025-08-20,41.0,22.0,30.0,66.0,21.0
2025-08-21,41.0,22.0,30.0,66.0,21.0
2025-08-22,41.0,22.0,30.0,66.0,21.0
2025-08-25,76.0,34.0,67.0,37.0,26.0
2025-08-26,76.0,34.0,67.0,37.0,26.0
2025-08-28,76.0,34.0,67.0,37.0,26.0
2025-08-29,76.0,34.0,67.0,37.0,26.0
2025-09-01,41.0,71.0,56.0,20.0,50.0
2025-09-02,41.0,71.0,56.0,20.0,50.0
2025-09-03,41.0,71.0,56.0,20.0,50.0
2025-09-04,41.0,71.0,56.0,20.0,50.0
2025-09-05,41.0,71.0,56.0,20.0,50.0
2025-09-08,58.0,37.0,63.0,74.0,67.0
2025-09-09,58.0,37.0,63.0,74.0,67.0
2025-09-10,58.0,37.0,63.0,74.0,67.0
2025-09-11,58.0,37.0,63.0,74.0,67.0
2025-09-12,58.0,37.0,63.0,74.0,67.0
2025-09-15,36.0,53.0,37.0,65.0,39.0
2025-09-16,36.0,53.0,37.0,65.0,39.0
2025-09-17,36.0,53.0,37.0,65.0,39.0
2025-09-18,36.0,53.0,37.0,65.0,39.0
2025-09-19,36.0,53.0,37.0,65.0,39.0
2025-09-22,45.0,31.0,31.0,53.0,63.0
2025-09-23,45.0,31.0,31.0,53.0,63.0
2025-09-24,45.0,31.0,31.0,53.0,63.0
2025-09-25,45.0,31.0,31.0,53.0,63.0
2025-09-26,45.0,31.0,31.0,53.0,63.0
2025-09-29,45.0,40.0,38.0,71.0,51.0
2025-09-30,45.0,40.0,38.0,71.0,51.0
2025-10-01,45.0,40.0,38.0,71.0,51.0
2025-10-03,45.0,40.0,38.0,71.0,51.0
2025-10-06,43.0,74.0,23.0,78.0,60.0
2025-10-07,43.0,74.0,23.0,78.0,60.0
2025-10-08,43.0,74.0,23.0,78.0,60.0
2025-10-09,43.0,74.0,23.0,78.0,60.0
2025-10-10,43.0,74.0,23.0,78.0,60.0
2025-10-13,70.0,37.0,30.0,63.0,35.0
2025-10-14,70.0,37.0,30.0,63.0,35.0
2025-10-15,70.0,37.0,30.0,63.0,35.0
2025-10-16,70.0,37.0,30.0,63.0,35.0
2025-10-17,70.0,37.0,30.0,63.0,35.0
2025-10-20,37.0,66.0,39.0,55.0,59.0
2025-10-21,37.0,66.0,39.0,55.0,59.0
2025-10-23,37.0,66.0,39.0,55.0,59.0
2025-10-24,37.0,66.0,39.0,55.0,59.0
2025-10-27,63.0,73.0,48.0,57.0,42.0
2025-10-28,63.0,73.0,48.0,57.0,42.0
2025-10-29,63.0,73.0,48.0,57.0,42.0
2025-10-30,63.0,73.0,48.0,57.0,42.0
2025-10-31,63.0,73.0,48.0,57.0,42.0
2025-11-03,74.0,56.0,75.0,44.0,23.0
2025-11-04,74.0,56.0,75.0,44.0,23.0
2025-11-06,74.0,56.0,75.0,44.0,23.0
2025-11-07,74.0,56.0,75.0,44.0,23.0
2025-11-10,69.0,40.0,58.0,54.0,50.0
2025-11-11,69.0,40.0,58.0,54.0,50.0
2025-11-12,69.0,40.0,58.0,54.0,50.0
2025-11-13,69.0,40.0,58.0,54.0,50.0
2025-11-14,69.0,40.0,58.0,54.0,50.0
2025-11-17,25.0,79.0,78.0,36.0,73.0
2025-11-18,25.0,79.0,78.0,36.0,73.0
2025-11-19,25.0,79.0,78.0,36.0,73.0
2025-11-20,25.0,79.0,78.0,36.0,73.0
2025-11-21,25.0,79.0,78.0,36.0,73.0
2025-11-24,22.0,52.0,37.0,60.0,21.0
2025-11-25,22.0,52.0,37.0,60.0,21.0
2025-11-26,22.0,52.0,37.0,60.0,21.0
2025-11-27,22.0,52.0,37.0,60.0,21.0
2025-11-28,22.0,52.0,37.0,60.0,21.0
2025-12-01,65.0,22.0,60.0,78.0,64.0
2025-12-02,65.0,22.0,60.0,78.0,64.0
2025-12-03,65.0,22.0,60.0,78.0,64.0
2025-12-04,65.0,22.0,60.0,78.0,64.0
2025-12-05,65.0,22.0,60.0,78.0,64.0
2025-12-08,74.0,75.0,54.0,65.0,27.0
2025-12-09,74.0,75.0,54.0,65.0,27.0
2025-12-10,74.0,75.0,54.0,65.0,27.0
2025-12-11,74.0,75.0,54.0,65.0,27.0
2025-12-12,74.0,75.0,54.0,65.0,27.0
2025-12-15,53.0,79.0,50.0,51.0,46.0
2025-12-16,53.0,79.0,50.0,51.0,46.0
2025-12-17,53.0,79.0,50.0,51.0,46.0
2025-12-18,53.0,79.0,50.0,51.0,46.0
2025-12-19,53.0,79.0,50.0,51.0,46.0
2025-12-22,37.0,42.0,42.0,65.0,75.0
2025-12-23,37.0,42.0,42.0,65.0,75.0
2025-12-24,37.0,42.0,42.0,65.0,75.0
2025-12-26,37.0,42.0,42.0,65.0,75.0
2025-12-29,24.0,45.0,31.0,76.0,40.0
2025-12-30,24.0,45.0,31.0,76.0,40.0
